Drug_Name,Pattern
"Asbestos, Amosite",Pleural effusion
Asbestos,Pleural effusion
Docetaxel,Pleural effusion
Valproic Acid,Pleural effusion
Cyclophosphamide,Pleural effusion
Carrageenan,Pleural effusion
Tretinoin,Pleural effusion
Pertussis Toxin,Pleural effusion
Indomethacin,Pleural effusion
Ampicillin,Pleural effusion
Arsenic Trioxide,Pleural effusion
Sulfasalazine,Pleural effusion
Oxygen,Pleural effusion
Doxorubicin,Pleural effusion
Thalidomide,Pleural effusion
adefovir dipivoxil,Pleural effusion
Alkylating Agents,Pleural effusion
Clomiphene,Pleural effusion
FK 973,Pleural effusion
Minoxidil,Pleural effusion
Nitrofurantoin,Pleural effusion
VEP-THP protocol,Pleural effusion
bisphenol A,Pulmonary edema
Cadmium Chloride,Pulmonary edema
Particulate Matter,Pulmonary edema
Tobacco Smoke Pollution,Pulmonary edema
perfluorooctane sulfonic acid,Pulmonary edema
Alloxan,Pulmonary edema
Arsenic,Pulmonary edema
Cadmium,Pulmonary edema
Tretinoin,Pulmonary edema
Vehicle Emissions,Pulmonary edema
Silicon Dioxide,Pulmonary edema
Smoke,Pulmonary edema
Lipopolysaccharides,Pulmonary edema
Ethanol,Pulmonary edema
Doxorubicin,Pulmonary edema
Ozone,Pulmonary edema
Hydrochloric Acid,Pulmonary edema
Oleic Acid,Pulmonary edema
JP8 aviation fuel,Pulmonary edema
"Asbestos, Amphibole",Pulmonary edema
Chlorpyrifos,Pulmonary edema
Iohexol,Pulmonary edema
"plY protein, Streptococcus pneumoniae",Pulmonary edema
Pertussis Toxin,Pulmonary edema
Excitatory Amino Acid Agents,Pulmonary edema
Dinoprost,Pulmonary edema
Hydrogen Sulfide,Pulmonary edema
Aspirin,Pulmonary edema
polyhexamethyleneguanidine,Pulmonary edema
glyceryl 2-arachidonate,Pulmonary edema
"Asbestos, Amosite",Pulmonary edema
"3-(2-hydroxy-4-(1,1-dimethylheptyl)phenyl)-4-(3-hydroxypropyl)cyclohexanol",Pulmonary edema
Silver Compounds,Pulmonary edema
Glycyrrhizic Acid,Pulmonary edema
alpha-naphthyl thiourea,Pulmonary edema
imidacloprid,Pulmonary edema
Methamphetamine,Pulmonary edema
riddelliine,Pulmonary edema
Nickel,Pulmonary edema
Heparin,Pulmonary edema
Phosgene,Pulmonary edema
sephadex,Pulmonary edema
Dronabinol,Pulmonary edema
allyl chloride,Pulmonary edema
Cyclophosphamide,Pulmonary edema
didecyldimethylammonium,Pulmonary edema
Arsenic Trioxide,Pulmonary edema
"lipopolysaccharide, Escherichia coli O111 B4",Pulmonary edema
Chlorine,Pulmonary edema
Oxygen,Pulmonary edema
aluminum phosphide,Pulmonary edema
Blood Glucose,Pulmonary edema
Amitriptyline,Pulmonary edema
Mitomycin,Pulmonary edema
Nicotine,Pulmonary edema
Lidocaine,Pulmonary edema
Mustard Gas,Pulmonary edema
Ketamine,Pulmonary edema
lanthanum chloride,Pulmonary edema
Sodium Fluoride,Pulmonary edema
Nitrofurantoin,Pulmonary edema
Amphetamine,Pulmonary edema
"lipopolysaccharide, E coli O55-B5",Pulmonary edema
Ephedrine,Pulmonary edema
Soman,Pulmonary edema
Heroin,Pulmonary edema
Disulfiram,Pulmonary edema
"Toxins, Biological",Pulmonary edema
Acrolein,Pulmonary edema
Mechlorethamine,Pulmonary edema
"13,14-dihydroprostaglandin E1",Pulmonary edema
Antineoplastic Agents,Pulmonary edema
Betamethasone,Pulmonary edema
Bupivacaine,Pulmonary edema
Buthus tamulus insect toxin,Pulmonary edema
Cnidarian Venoms,Pulmonary edema
Contrast Media,Pulmonary edema
Crack Cocaine,Pulmonary edema
Creatine,Pulmonary edema
cyclocreatine,Pulmonary edema
Diatrizoate,Pulmonary edema
Diatrizoate Meglumine,Pulmonary edema
dibenzothiophene,Pulmonary edema
Ergotamines,Pulmonary edema
Fenfluramine,Pulmonary edema
Fibrinolytic Agents,Pulmonary edema
heparin-dihydergot,Pulmonary edema
Hydrofluoric Acid,Pulmonary edema
Iprindole,Pulmonary edema
Methoxamine,Pulmonary edema
Methylergonovine,Pulmonary edema
Moricizine,Pulmonary edema
Naphazoline,Pulmonary edema
Nitric Acid,Pulmonary edema
Nordefrin,Pulmonary edema
N-(phosphonomethyl)glycine trimethylsulfonium salt,Pulmonary edema
octamethylcyclotetrasiloxane,Pulmonary edema
Safflower Oil,Pulmonary edema
"S-(N,N-diethylaminoethyl) isobutyl methylphosphothiolate",Pulmonary edema
Thiourea,Pulmonary edema
Timolol,Pulmonary edema
troclosene,Pulmonary edema
Nitric Oxide,Pulmonary edema
Mannitol,Pulmonary edema
Thalidomide,Pulmonary edema
Terbutaline,Pulmonary edema
Chlorpheniramine,Pulmonary edema
Raloxifene Hydrochloride,Pulmonary embolism
Malondialdehyde,Pulmonary embolism
Particulate Matter,Pulmonary embolism
Medroxyprogesterone Acetate,Pulmonary embolism
"15-Hydroxy-11 alpha,9 alpha-(epoxymethano)prosta-5,13-dienoic Acid",Pulmonary embolism
Gentamicins,Pulmonary embolism
Norethindrone,Pulmonary embolism
Free Radicals,Pulmonary embolism
Mustard Gas,Pulmonary embolism
Cyclosporine,Pulmonary embolism
Docetaxel,Pulmonary embolism
Ethinyl Estradiol,Pulmonary embolism
Cyclophosphamide,Pulmonary embolism
Tamoxifen,Pulmonary embolism
Diethylstilbestrol,Pulmonary embolism
Desogestrel,Pulmonary embolism
Tretinoin,Pulmonary embolism
Tadalafil,Pulmonary embolism
Paclitaxel,Pulmonary embolism
Thalidomide,Pulmonary embolism
Doxorubicin,Pulmonary embolism
Zoledronic Acid,Pulmonary embolism
Vitamin E,Pulmonary embolism
Dexamethasone,Pulmonary embolism
alcoholic prolamine solution,Pulmonary embolism
Antipsychotic Agents,Pulmonary embolism
Arteparon,Pulmonary embolism
Betamethasone,Pulmonary embolism
Calcium Gluconate,Pulmonary embolism
Cephalosporins,Pulmonary embolism
"Contraceptives, Oral",Pulmonary embolism
"Contraceptives, Oral, Combined",Pulmonary embolism
"Contraceptives, Oral, Hormonal",Pulmonary embolism
"Contraceptives, Oral, Synthetic",Pulmonary embolism
Cyproterone Acetate,Pulmonary embolism
Dalteparin,Pulmonary embolism
Deamino Arginine Vasopressin,Pulmonary embolism
Diuretics,Pulmonary embolism
drospirenone and ethinyl estradiol combination,Pulmonary embolism
Ethinyl Estradiol-Norgestrel Combination,Pulmonary embolism
GABA-B Receptor Agonists,Pulmonary embolism
Hematinics,Pulmonary embolism
Nelfinavir,Pulmonary embolism
Phenothiazines,Pulmonary embolism
Polyphosphates,Pulmonary embolism
Progesterone Congeners,Pulmonary embolism
Succinylcholine,Pulmonary embolism
Tranexamic Acid,Pulmonary embolism
VACOP-B protocol,Pulmonary embolism
Heparin,Pulmonary embolism
Mannitol,Pulmonary embolism
Fibrinolytic Agents,Pulmonary embolism
"Heparin, Low-Molecular-Weight",Pulmonary embolism
Dust,ILD
"Asbestos, Serpentine",ILD
Quartz,ILD
polyhexamethyleneguanidine,ILD
Mustard Gas,ILD
Sulfur Dioxide,ILD
"lipopolysaccharide, E coli O55-B5",ILD
Monocrotaline,ILD
"lipopolysaccharide, Escherichia coli O111 B4",ILD
Asbestos,ILD
Nicotine,ILD
Sulfasalazine,ILD
2-chloroethyl ethyl sulfide,ILD
Cobalt,ILD
diisononyl phthalate,ILD
7-Ala-angiotensin (1-7),ILD
didecyldimethylammonium,ILD
ceric oxide,ILD
"Asbestos, Amphibole",ILD
nickel chloride,ILD
Paclitaxel,ILD
Silicon,ILD
Mechlorethamine,ILD
"Asbestos, Crocidolite",ILD
sodium bichromate,ILD
Nickel,ILD
arsenite,ILD
Chlorine,ILD
"2-(1-carboxy-2-(3-(3,5-dichlorobenzyl)-3H-imidazol-4-yl)ethylamino)-4-methylpentanoic acid",ILD
Soot,ILD
Sodium Fluoride,ILD
cobaltous chloride,ILD
chromium hexavalent ion,ILD
"Nanotubes, Carbon",ILD
Cadmium,ILD
Formaldehyde,ILD
1-nitropyrene,ILD
Ozone,ILD
Silicon Dioxide,ILD
Sodium Nitrite,ILD
Particulate Matter,ILD
perfluorooctane sulfonic acid,ILD
Vehicle Emissions,ILD
sodium arsenite,ILD
Reactive Oxygen Species,ILD
chrysene,ILD
Tobacco Smoke Pollution,ILD
Lipopolysaccharides,ILD
nickel monoxide,ILD
titanium dioxide,ILD
Air Pollutants,ILD
Radon,ILD
"Asbestos, Amosite",ILD
Beryllium,ILD
Smoke,ILD
ammonium perchlorate,ILD
Copper Sulfate,ILD
Iron,ILD
Nitrofurantoin,ILD
"N-(1,3-dimethylbutyl)-N'-phenyl-p-phenylenediamine quinone",ILD
silicon carbide,ILD
Valproic Acid,ILD
neodymium oxide,ILD
Polypropylenes,ILD
Coal,ILD
bleomycetin,ILD
"Air Pollutants, Occupational",ILD
RCF-1 fiber,ILD
methyl isocyanate,ILD
bisphenol A,ILD
Minocycline,ILD
Carboplatin,ILD
Environmental Pollutants,ILD
Polystyrenes,ILD
Benzene,ILD
Ovalbumin,ILD
trofosfamide,ILD
Crack Cocaine,ILD
Cyclophosphamide,ILD
vermiculite,ILD
Aldicarb,ILD
DDT,ILD
Hexachlorocyclohexane,ILD
"Hydrocarbons, Chlorinated",ILD
Pesticides,ILD
Antigens,ILD
Propylthiouracil,ILD
"amphotericin B, deoxycholate drug combination",ILD
Erlotinib Hydrochloride,ILD
Free Radicals,ILD
Mineral Oil,ILD
octamethylcyclotetrasiloxane,ILD
oligo(2-(2-ethoxy)-ethoxyethyl)guanidinium-chloride,ILD
Phytol,ILD
Thalidomide,ILD
zinc chromate,ILD
Silicates,ILD
Carbon Fiber,ILD
cyclocreatine,ILD
Ergotamines,ILD
manganese dioxide,ILD
"Trimethoprim, Sulfamethoxazole Drug Combination",ILD
Tripelennamine,ILD
Interferon-alpha,ILD
Silicon Compounds,ILD
Oxygen,ILD
Dexamethasone,ILD
