smiles,index
CC(C)c1cc(C2CCCN2C(=O)CN(C)Cc2cccnc2)no1,1
CCC(NC(=O)c1ccc(CSc2ccccc2)cc1)c1ccc(C)cc1C,2
Cc1ccc(C(C)NC(=O)c2ccc(CSc3ccc(Cl)cc3)cc2)cc1C,3
NC(=S)C1CC1S(=O)(=O)c1ccc(Cl)cc1,4
CCC(NC(=O)c1ccc(CSc2ccc(Cl)cc2)cc1)c1ccc(C)c(C)c1,5
COc1ccc(N2CC34C=CC(O3)C(C(=O)O)C4C2=O)cc1,6
CS(=O)(=O)C1C(C#N)C1c1ccccc1,7
COc1ccc2c(c1)CCCC2(O)CNC(=O)C(=O)NCc1ccc2c(c1)OCO2,8
CS(=O)(=O)C1C(c2ccccc2)C1(CN)C(=O)O,9
COC(=O)CC(c1ccc(OCCc2ccc(OC)cc2)c(OC)c1)c1oc(CN2CC3CC(C2)c2cccc(=O)n2C3)cc(=O)c1O,10
COc1ccc2c(c1)CCCC2(O)CNC(=O)Nc1ccccc1C(F)(F)F,11
COC(=O)CC(c1c(O)cc(C)n(CCc2ccc(O)cc2)c1=O)c1ccnc2ccccc12,12
CCS(=O)(=O)C1C(C#N)C1c1ccccc1,13
CC(=O)c1c2c(c3oc(=O)cc(C)c3c1O)C(c1ccc(OCC(C)C)cc1)CC(=O)O2,14
Cc1cc2c(c(=O)o1)C(c1coc3ccc(Cl)cc3c1=O)CC(=O)O2,15
COc1ccc(CCCNC(=O)CSCc2cccc(Cl)c2)cc1,16
COc1ccc(-c2noc(CNC(=O)CSCc3cccc(Cl)c3)n2)cc1,17
COc1ccccc1CCCNC(=O)CSCc1ccc(Cl)cc1,18
O=CC1C(c2ccccc2)C1S(=O)(=O)c1ccccc1,19
CCOC(=O)C1(N)C(c2ccccc2)C1S(=O)(=O)c1ccc(C)cc1,20
Cc1ccc(S(=O)(=O)C2C(c3ccccc3)C2(CN)CN)cc1,21
CN(C)S(=O)(=O)c1ccc2c(c1)CCN2C(=O)CSCc1ccc([N+](=O)[O-])cc1,22
COC(=O)CC(c1ccc(C(C)C)cc1)c1oc(CN2CC3CC(C2)c2cccc(=O)n2C3)cc(=O)c1O,23
Cc1nn(CCC(=O)NCC2CCCN(c3ccccn3)C2)c(C)c1C,24
Cc1ccccc1OCC(C)NC(=O)CSCc1ccc([N+](=O)[O-])cc1,25
CC1CCN(c2ccc(C(C)NC(=O)CSCc3ccc([N+](=O)[O-])cc3)cc2)CC1,26
COc1cccc(C=C2Oc3c(ccc4c3C(c3cccc(OC)c3OCCc3ccc5c(c3)CCO5)CC(=O)O4)C2=O)c1OC,27
Cc1cc2c(c(=O)o1)C(c1cc3ccccc3n(CC(C)C)c1=O)CC(=O)O2,28
COCC1(N)C(c2ccccc2)C1S(=O)(=O)c1ccc(C)cc1,29
COc1cc2c(c(OC)c1OC)-c1ccc(NCC(=O)Nc3c(C)nn(C)c3C)c(=O)cc1C(NC(C)=O)CC2,30
O=C1CC(c2ccc(O)cc2)c2c(ccc3c2OC2(CCCCC2)CC3=O)O1,31
Cc1ccc(S(=O)(=O)C2C(C(N)=S)C2c2ccccc2)cc1,32
COc1ccc(C=C2Oc3c(ccc4c3C(c3cccc(OCCc5ccc6c(c5)CCO6)c3)CC(=O)O4)C2=O)cc1,33
CN(Cc1nc(-c2cccs2)no1)C(=O)CSCc1ccc([N+](=O)[O-])cc1,34
COc1ccc(C2CC(=O)Oc3cc(C)oc(=O)c32)c(OC)c1OC,35
COCC1(C#N)C(c2ccccc2)C1S(=O)(=O)c1ccc(Cl)cc1,36
N#CC1C(c2ccccc2)C1S(=O)(=O)c1ccc(Cl)cc1,37
CCOC(=O)C1(CN)C(c2ccccc2)C1S(=O)(=O)c1ccc(Cl)cc1,38
NCC1(CO)C(c2ccccc2)C1S(=O)(=O)c1ccc(Cl)cc1,39
NCC1(N)C(c2ccccc2)C1S(=O)(=O)c1ccc(Cl)cc1,40
CC(C)(C)OC(=O)NC1(CN)C(c2ccccc2)C1S(=O)(=O)c1ccc(Cl)cc1,41
COc1ccc2c(c1)OC(C)(C)CC2NC(=O)C(C)Sc1ccccc1,42
COC(=O)CC(c1cccnc1)c1c(O)[nH]cc(C(=O)OC)c1=O,43
CC(Cc1cnccn1)N(C)C(=O)c1noc2c1CCCC2,44
CCC(NC(=O)C(C)Sc1ccccc1)c1ccc(C)c(C)c1,45
CCC(NC(=O)C(C)Sc1ccccc1)c1ccc(C)cc1C,46
O=S(=O)(c1ccc(Cl)cc1)C1C(CO)C1c1ccccc1,47
O=C(NC1CC(=O)N(Cc2ccccc2)C1)c1cc2c([nH]c1=O)CCC2,48
O=C(NCC1CC2C=CC1C2)C1CCCN(c2ncccn2)C1,49
CC(C)(C)OC(=O)NC1(C=O)C(c2ccccc2)C1S(=O)(=O)c1ccc(Cl)cc1,50
COc1ccc(C2CC(=O)Oc3ccc4c(c32)OC(=Cc2cc(OC)c(OC)cc2OC)C4=O)cc1,51
NC(=S)C1C(c2ccccc2)C1S(=O)(=O)c1ccc(Cl)cc1,52
Cc1ccc(C)c(C(C)NC(=O)C(C)SCc2ccccc2)c1,53
COc1cncc(C(NC(=O)CCc2cc(=O)[nH]o2)C2CC(O)C2)c1,54
CC(=O)c1c2c(c3oc(=O)cc(C)c3c1O)C(c1cc(F)c(F)c(F)c1)CC(=O)O2,55
CCOC(=O)C1(C#N)C(c2ccc(OC)cc2)C1S(C)(=O)=O,56
C=C(C)COc1c(OC)cccc1C1CC(=O)Oc2ccc3c(c21)OC(=Cc1cccc(OC)c1OC)C3=O,57
COC(=O)CC(c1ccccc1)c1c(O)cc(C)oc1=O,58
COc1ccc(C2C(S(C)(=O)=O)C2(N)C#N)cc1,59
COc1ccc(C(NC(=O)Cn2cc(C)c(=O)[nH]c2=O)C2CC(O)C2)cn1,60
CN(CC1Cc2ccccc2O1)C(=O)COc1ccc2nncn2n1,61
CCOC(=O)C1(CN)C(c2ccc(OC)cc2)C1S(C)(=O)=O,62
COc1ccc(C2C(S(C)(=O)=O)C2(CN)CO)cc1,63
COC(=O)CC(c1cc(OC)c(OC)c(OC)c1)c1cc2c(cc1O)OCO2,64
CCC(NC(=O)C(C)SCc1ccccc1)c1ccc(C)c(C)c1,65
COCC1(CN)C(c2ccc(OC)cc2)C1S(C)(=O)=O,66
CC(SCc1ccccc1)C(=O)N(C)Cc1nc(-c2ccc(Cl)cc2)no1,67
CC(SCc1ccccc1)C(=O)NCCCc1ccc(C(C)C)cc1,68
Cc1cc2c(c(=O)o1)C(c1coc3ccccc3c1=O)CC(=O)O2,69
COc1ccc(-c2noc(CNC(=O)c3ccc(CN4CCOCC4)cc3)n2)c(OC)c1,70
O=C(c1ccccn1)C1CCCN(C(=O)COCC(F)(F)C(F)F)C1,71
COC(=O)CC(c1ccc2c(c1)OCO2)c1cc2c(cc1O)OCO2,72
O=C(CCSc1ccccc1)NCCCc1ccccc1Cl,73
CCOc1cc(C(CC(=O)OC)c2oc(CN3CC4CC(C3)c3cccc(=O)n3C4)cc(=O)c2O)ccc1O,74
O=C(c1cccc(-c2ccco2)c1)N(Cc1ccccn1)CC1CCCO1,77
CC1CCN(c2ccc(C(C)NC(=O)CCSc3ccccc3)cc2)CC1,78
CC1CCCN(c2ccc(C(C)NC(=O)CCSc3ccccc3)cc2)C1,79
Cc1ccc2c(c1)OC(C)(C)CC2NC(=O)CCSc1ccccc1,82
CCOC(=O)C1(C(=O)OCC)C(c2ccc(OC)cc2)C1S(=O)(=O)CC,83
CCS(=O)(=O)C1C(c2ccc(OC)cc2)C1(CN)CN,84
Cc1nc(N)ncc1C(=O)N1CCC1c1ccc(F)cc1,85
CC(C)(Oc1ccc(C2CC2(Cl)Cl)cc1)C(=O)N1CC2CC(C1)c1cccc(=O)n1C2,86
COc1ccc(N2CC(C(=O)N3CCCCC3c3cccnc3)CC2=O)cc1,91
COc1ccc(CCCNC(=O)CCSc2ccc(Cl)cc2)cc1,94
COc1ccc(C(Nc2ncccc2C(N)=O)C2CC(O)C2)cc1F,95
COC(=O)CC(c1cc(Cl)c2c(c1)OCO2)c1c(O)[nH]cc(C(=O)OC)c1=O,96
CCS(=O)(=O)C1C(C(N)=S)C1c1ccc(OC)cc1,97
Cc1cccc(-c2noc(CNC(=O)CCSc3ccc(Cl)cc3)n2)c1,98
CC(=O)c1c(C)nn(CC(=O)NC(c2ccccc2)c2nccn2C)c1C,99
COCC(NC(=O)c1ccc(N)nc1)c1ccccn1,100
N#Cc1ccccc1C(=O)NCCCC1CCOC1,101
COc1cccc(C=C2Oc3c(ccc4c3C(c3ccccc3OC(C)C)CC(=O)O4)C2=O)c1OC,102
COc1ccc(C2C(S(=O)(=O)c3ccccc3)C2(C#N)C(=O)O)cc1,103
COC(O)=c1ccc(=c2cc(O)oc3c(C(C)=O)c(=O)c4c(C)cc(O)oc4c23)cc1,104
Cc1ccc(C)c(C(C)NC(=O)c2ccc(C3SCC(=O)N3Cc3ccccc3)cc2)c1,105
COc1ccc(C2CC(=O)Oc3ccc4c(c32)OC2(CCCCC2)CC4=O)cc1OCC(N)=O,107
Cc1ccc(OCCNC(=O)c2ccc(C3SCC(=O)N3Cc3ccccc3)cc2)cc1,109
COc1ccc(C=C2Oc3c(ccc4c3C(c3cc5ccccc5[nH]c3=O)CC(=O)O4)C2=O)cc1,110
CN1CCC(NC(=O)c2ccc(C3SCC(=O)N3Cc3ccccc3)cc2)CC1,111
COc1ccccc1NC(=O)C(=Cc1ccco1)c1ccccc1,112
CCOC(=O)C1(C(=O)OCC)C(c2ccc(OC)cc2)C1S(=O)(=O)c1ccccc1,113
NC(=O)CC(c1oc(CN2CCOCC2)cc(=O)c1O)c1ccnc2ccccc12,114
COc1ccc(Cl)cc1NC(=O)C(=Cc1ccco1)c1ccccc1,115
Cc1ccccc1-c1cccc(CN2CCCn3nc(C(C)O)cc3C2)c1,116
COc1ccc(C(=O)c2coc3ccc(O)c(CN4CCN(c5ccccc5)CC4)c23)cc1OC,117
N#CCc1ccc(NC(=O)C(=Cc2ccco2)c2ccccc2)cc1,118
COC(=O)CC(c1ccc2c(c1)OCO2)c1oc(CN2CC3CC(C2)c2cccc(=O)n2C3)cc(=O)c1O,119
COc1ccc(N2CCN(C(=O)C(=Cc3ccco3)c3ccccc3)CC2)cc1,120
COc1ccc(C2C(S(=O)(=O)c3ccccc3)C2(CO)C(=O)O)cc1,121
COc1cc(OC)c(OC)cc1C=C1Oc2c(ccc3c2C(c2cc(OC)c(OC(C)=O)c(OC)c2)CC(=O)O3)C1=O,122
COC(=O)CC(c1ccc(O)cc1)c1oc(CN2CC3CC(C2)c2cccc(=O)n2C3)cc(=O)c1O,123
O=C(CC1CC2CCC1C2)N1CCCC(C(=O)N2CCOCC2)C1,124
O=C(Nc1cccs1)NC1CCN(c2ccccn2)C1,125
NC(=O)c1ccccc1NC(=O)C(=Cc1ccco1)c1ccccc1,126
COC(=O)CC(c1ccccc1)c1c(O)[nH]cc(C(=O)OC)c1=O,127
CCOCC1(N)C(c2ccc(OC)cc2)C1S(=O)(=O)c1ccccc1,128
O=C1CCc2ccc(OCC(=O)N3CCCCC3c3cccnc3)cc2N1,129
COc1ccc(C2C(S(=O)(=O)c3ccccc3)C2(C=O)NC(=O)OC(C)(C)C)cc1,130
OCC(O)c1cc2n(n1)CCN(Cc1ccc(Oc3ccccc3)cc1)C2,131
COc1ccc(C2C(C(N)=S)C2S(=O)(=O)c2ccccc2)cc1,132
CC(C)C1CCC(C(=O)NC(Cc2ccccc2)C(=O)N2CCCCC2c2cccnc2)CC1,133
Cc1ccc(OCC(C)NC(=O)C(=Cc2ccco2)c2ccccc2)cc1,134
COC(=O)CC(c1ccc(OC)c(OC)c1)c1c(O)cc(C)oc1=O,135
COc1ccc(C2C(S(=O)(=O)c3ccc(C)cc3)C2(N)C#N)cc1,138
COc1ccc(C2C(C#N)C2S(=O)(=O)c2ccc(C)cc2)cc1,139
CCOC(=O)C1(C(=O)OCC)C(c2ccc(OC)cc2)C1S(=O)(=O)c1ccc(C)cc1,140
CCOC(=O)C1(CN)C(c2ccc(OC)cc2)C1S(=O)(=O)c1ccc(C)cc1,141
Cn1cc(C(NC(=O)CN2CCCCCC2)C2CC(O)C2)cn1,142
COc1ccc(C2C(S(=O)(=O)c3ccc(C)cc3)C2(N)CO)cc1,143
CC(=O)c1c2c(c3oc(=O)cc(C)c3c1O)C(c1ccc3ncccc3c1)CC(=O)O2,144
CC(NC(=O)CSc1ccccn1)c1ccccc1-n1cccn1,145
COc1ccc(C2C(CO)C2S(=O)(=O)c2ccc(C)cc2)cc1,146
COC(=O)CC(c1ccc(O)cc1)c1c(O)[nH]cc(C(=O)OC)c1=O,147
O=C(NC(c1cccs1)C1CC(O)C1)c1ccncc1F,148
COc1ccc(CSCC(=O)NC(C)COc2ccc(OC)cc2)cc1,149
COC(=O)C=C(c1cc(OC)c(OC)c(OC)c1)c1c(O)c(O)c(C(CC(=O)OC)c2cc(OC)c(OC)c(OC)c2)c(O)c1O,150
Cn1ccc2c(C(=O)N3CCCCC3c3cccnc3)cccc21,151
CCCOc1ccccc1CCCNC(=O)CSCc1ccc(OC)cc1,152
COc1ccc2[nH]c(=O)c(C3CC(=O)Oc4ccc5c(c43)OC(=Cc3cccc(OC)c3OC)C5=O)cc2c1,153
COc1ccc(C2C(S(=O)(=O)c3ccc(Cl)cc3)C2(C#N)C#N)cc1,154
COc1cccc(C=C2Oc3c(ccc4c3C(c3ccnc5ccccc35)CC(=O)O4)C2=O)c1OC,155
COc1ccc(CSCC(=O)N(C)Cc2nc(-c3cccc(OC)c3)no2)cc1,156
CCOC(=O)C1(C(=O)OCC)C(c2ccc(OC)cc2)C1S(=O)(=O)c1ccc(Cl)cc1,157
CCOC(=O)C1(N)C(c2ccc(OC)cc2)C1S(=O)(=O)c1ccc(Cl)cc1,158
CSCCC(CO)NC(=O)c1cnn(-c2ccccc2Br)c1-n1cccc1,159
COc1ccc(C2C(S(=O)(=O)c3ccc(Cl)cc3)C2(CN)CN)cc1,160
COc1ccc(C2C(S(=O)(=O)c3ccc(Cl)cc3)C2(CN)CO)cc1,161
CC(C)C(NC(=O)C1CC(=O)N(c2ccccc2F)C1)c1nc2ccccc2n1C,162
COc1ccc(C2C(S(=O)(=O)c3ccc(Cl)cc3)C2(N)CN)cc1,163
O=C(O)CC(c1cccnc1)c1c(O)ccc2c1OC(=Cc1cccnc1)C2=O,164
CCC(NS(=O)(=O)c1ccc2oc(=O)n(C)c2c1)C1CC(O)C1,165
COc1cc(OC)c(C2CC(=O)Oc3cc(C)n(CCc4ccc(O)cc4)c(=O)c32)cc1OC,166
COc1ccc(C2C(CO)C2S(=O)(=O)c2ccc(Cl)cc2)cc1,167
O=C(Cc1[nH]c(=O)n(CCc2ccccc2)c1O)N1CCCCC1c1cccnc1,168
COc1ccc(C2C(S(=O)(=O)c3ccc(Cl)cc3)C2(N)C(=O)O)cc1,169
CCCOc1ccccc1CCCNC(=O)c1cc([N+](=O)[O-])ccc1Cl,171
COCC1(C(=O)O)C(c2ccc(OC)cc2)C1S(=O)(=O)c1ccc(Cl)cc1,173
COc1cccc(C=C2Oc3c(ccc4c3C(c3ccccc3OCCc3ccc5c(c3)CCO5)CC(=O)O4)C2=O)c1OC,174
COCC1(N)C(c2ccc(OC)cc2)C1S(=O)(=O)c1ccc(Cl)cc1,175
CCC(NC(=O)c1cc([N+](=O)[O-])ccc1Cl)c1ccc(C)cc1C,176
CCOC(=O)Cc1[nH][nH]c(=O)c1C(CC(N)=O)c1ccc2c(c1)n(C)c(=O)n2C,177
CC(=O)c1c2c(c3oc(=O)cc(C)c3c1O)C(c1ccc3c(c1)OCCO3)CC(=O)O2,178
COc1ccc(-c2noc(CN(C)C(=O)c3cc([N+](=O)[O-])ccc3Cl)n2)c(OC)c1,179
COc1ccc(C2C(C(N)=S)C2S(=O)(=O)c2ccc(Cl)cc2)cc1,180
CS(=O)(=O)C1C(c2ccc3c(c2)OCO3)C1(C#N)C#N,181
Cc1cc(=O)cc(C(=O)NCC2CCCN(CCO)C2)o1,182
COC(=O)CC(c1cnn(C)c1)c1oc(CN2CCCCC2)cc(=O)c1O,184
CS(=O)(=O)C1C(c2ccc3c(c2)OCO3)C1(C#N)C=O,185
COc1cc(C(=O)NC2CC(C)(C)Oc3ccc(C)cc32)cc(OC)c1OC,186
COc1cc(C(=O)NC2CC(C)(C)Oc3cc(C)ccc32)cc(OC)c1OC,187
Cc1ccc2c(c1)OC(C)(C)CC2NC(=O)c1ccc([N+](=O)[O-])c(C)c1,188
COC(=O)CC(c1c(O)c2ccccc2oc1=O)c1ccnn1C,189
CCOc1ccc(CNC(=O)C(C)Sc2ccc(C)cc2)cc1OCC,192
CS(=O)(=O)C1C(CO)C1c1ccc2c(c1)OCO2,193
Cc1ccc(SC(C)C(=O)NCCCc2ccccc2Cl)cc1,194
COc1ccc(OCC(C)NC(=O)C(C)Sc2ccc(C)cc2)cc1,195
Cc1ccc(SC(C)C(=O)Nc2ccccc2C(=O)c2ccccc2)cc1,196
COC(=O)C(C)NC(=O)C(C)(C)Oc1ccc(C2CC2(Cl)Cl)cc1,197
Cc1ccc(SC(C)C(=O)NCCCc2ccc(OC(C)C)cc2)cc1,198
CCOc1ccc(CCCNC(=O)C(C)Sc2ccc(C)cc2)cc1,199
Cc1ccc(SC(C)C(=O)NC(C)COc2ccccc2C)cc1,200
CC(C)C(CO)NC(=O)C1CC(=O)N(Cc2ccccc2)C1,201
Cc1ccc(SC(C)C(=O)NC2CC(C)(C)Oc3ccc(C)cc32)cc1,202
CCc1c(C)nn(CC(=O)NCC2CCCN(c3ccccn3)C2)c1C,203
CCOC(=O)C1(C#N)C(c2ccc3c(c2)OCO3)C1S(=O)(=O)CC,204
CCS(=O)(=O)C1C(c2ccc3c(c2)OCO3)C1(C#N)CO,205
CCS(=O)(=O)C1C(c2ccc3c(c2)OCO3)C1(C#N)COC,207
CCOCC1(C#N)C(c2ccc3c(c2)OCO3)C1S(=O)(=O)CC,210
O=C(CC(c1ccc2nccnc2c1)c1c(O)n2ccccc2nc1=O)NCCc1ccc(O)c(O)c1,211
CSCCC(CO)NC(=O)C1CCN(c2ncccn2)CC1,212
Cc1ccc(SC(C)C(=O)NCCCc2ccc(C(C)C)cc2)cc1,213
COc1nnc(CN2CCn3nc(C(O)c4ccnn4C)cc3C2)s1,214
CCS(=O)(=O)C1C(c2ccc3c(c2)OCO3)C1(CO)CO,215
Cc1noc(C)c1C1CCCN1C(=O)c1ccc2[nH]c(=O)c(=O)[nH]c2c1,216
Cc1ccc(SCCC(=O)NC(C)COc2ccccc2C)cc1,217
CCS(=O)(=O)C1C(C(=O)O)C1c1ccc2c(c1)OCO2,218
Cc1ccc(SCCC(=O)NC(C)c2ccc(N3CCC(C)CC3)cc2)cc1,219
Cc1ccc(SCCC(=O)NC(C)c2ccc(N3CCCC(C)C3)cc2)cc1,220
Cc1ccc(SCCC(=O)NC2CC(C)(C)Oc3cc(C)ccc32)cc1,221
COc1ccc(Cc2n[nH]c(NC(=O)C3CCCN(c4nc(C)cc(C)n4)C3)n2)cc1,222
Cc1ccc2c(c1)C(NC(=O)c1ccc(-c3ccccc3)cc1)CC(C)(C)O2,223
Cc1ccc(S(=O)(=O)C2C(c3ccc4c(c3)OCO4)C2(N)CO)cc1,224
CCOc1ccc(N(C(C)C(=O)N2CCC(Cc3ccccc3)CC2)S(C)(=O)=O)cc1,225
CCS(=O)(=O)C1C(c2ccc(F)cc2)C1(CO)CO,226
N#CC1(CO)C(c2ccc(Cl)cc2)C1S(=O)(=O)c1ccc(Cl)cc1,227
COc1ccc(Cl)cc1N(C(C)C(=O)NCCSCc1ccco1)S(C)(=O)=O,228
CCOC(=O)C1CCN(C(=O)C(C)N(c2cc(Cl)ccc2OC)S(C)(=O)=O)CC1,229
CC1CC=CCC1COC(=O)C1CC=CCC1,230
CCC(NC(=O)CCCN(c1ccc2c(c1)OCO2)S(C)(=O)=O)c1ccc(C)cc1C,231
O=C(O)C1CCC(c2cc(F)cc(F)c2)O1,232
CC1(C)CC(NC(=O)c2scc3c2OCCO3)c2ccccc2O1,233
COc1ccc2c(c1OC)C(=O)N1CC(=O)N(CC(=O)O)C21,234
NC1CCCCC1NCC1CCCO1,235
CCC(NC(=O)CCC(F)(F)F)C1CC(O)C1,236
CCc1ccccc1OC(C)C(=O)NC(C)c1ccc(C)c(C)c1,237
CCOc1ccc(CCCNC(=O)C(C)Oc2ccc(C)c(C)c2)cc1,238
CC(C)C(Nc1ncncn1)c1nccn1C,239
CCn1ncnc1C(C)NC(=O)c1cccc(C(C)=O)c1,240
O=C(Cc1cccc(F)c1)N1CCC(O)(c2ccccc2)C1,241
COc1ccc(OC)c(N(C(C)C(=O)NCCCc2cccc(C)c2)S(C)(=O)=O)c1,242
CCc1ccccc1NC(=O)C(C)N(c1ccc(OC)c(OC)c1)S(C)(=O)=O,243
CCc1ccc(N(C(C)C(=O)Nc2ccc(Br)cc2)S(C)(=O)=O)cc1,244
CCCn1cnnc1C(C)NC(=O)Cn1cnnn1,245
Cc1ccc(CNC(=O)C(C)N(c2ccc(C)c(Cl)c2)S(C)(=O)=O)cc1,246
O=C(NC(c1ccc2c(c1)CCO2)C1CC(O)C1)c1ccc[nH]1,247
CNc1ncccc1CN1CCn2nc(C(O)C3CC3)cc2C1,248
O=C(NCCN1CCNC1=O)C1CCCCN1Cc1ccccc1,249
CC(C)(C)n1ccc(C(=O)N2CCCC(c3ccccc3)C2)c1,250
CCC(C(=O)NC(C)COc1ccc(OC)cc1)N(c1cc(C)ccc1C)S(C)(=O)=O,251
O=C(COCC1CCCCO1)NCc1nc(-c2ccc(F)cc2)cs1,252
CCC(NC(=O)C(CC)N(c1cc(C)ccc1C)S(C)(=O)=O)c1ccc(C)c(C)c1,253
CCC(C(=O)NC(C)c1ccccc1)N(c1cc(C)cc(C)c1)S(C)(=O)=O,254
CCc1ccccc1NC(=O)C(CC)N(c1cc(C)cc(C)c1)S(C)(=O)=O,255
CCC(C(=O)NCc1ccc(Cl)cc1Cl)N(c1cc(C)cc(C)c1)S(C)(=O)=O,258
O=C(Cn1cnc2ccccc21)N1CCCC(Cc2nc(C3CC3)no2)C1,259
COc1cccc(C2CCN(C(=O)c3c[nH]cn3)C2)c1OC,260
COC(=O)C1C(=O)NC(SCCc2ccccc2)=C(C#N)C1c1ccc(Cl)cc1,261
COc1cccc(C=C(C(=O)Nc2ccc(Cn3cncn3)cc2)n2nnnc2C)c1,262
CCNC(=O)N=NC(=O)CCc1ccc(OCc2ccccn2)cc1,263
N#CC(C(=O)Nc1cccc2ccccc12)C(=O)C1CCCC(C(F)(F)F)C1,264
Cc1nc(C(C)NS(=O)(=O)N2CCOC(C)C2)no1,265
COc1ccc(C=CC(=O)N2CCN(c3cc(C)nc4ncnn34)CC2)cc1F,266
O=C(C=Cc1ccncc1)OCc1cnc(-c2ccccc2)s1,267
Cc1ccccc1C1CCCN1CC(O)COC(C)C,268
CC(C#N)NC(=O)C=Cc1ccc2c(c1)OCCO2,269
CC(C(=O)Nc1ncccn1)N1CCSC(c2ccccc2)C1,270
O=C(C1CCCC(C(F)(F)F)C1)N1CCCN(Cc2ccc(C(F)(F)F)cc2)CC1,271
COC(=O)CC(NC(=O)C1CC1c1ccc(C)s1)c1ccc(SC)cc1,272
COc1cc(C(C#N)=Cc2ccc(F)c(F)c2)ccc1[N+](=O)[O-],273
O=C(c1ccc(-c2noc(C(F)(F)F)n2)cc1)N1CC2C3CCC(O3)C2C1,274
N#CC(=Cc1cccc2c1OCCCO2)c1ncc(C(F)(F)F)cc1Cl,275
CCOC(=O)c1ccc(NC(=O)C2CCC(n3c(O)c4c(c3O)C3C=CC4C4CC34)CC2)cc1,276
COC(=O)C1(C)NC(c2ccccc2F)c2c1c(O)n(C)c2O,277
CCOc1ccccc1N(CC(=O)N(Cc1cccc(C)c1)C(Cc1ccccc1)C(=O)NCC(C)C)S(=O)(=O)c1ccc(SC)cc1,278
CNC(=O)C(Cc1ccccc1)N(Cc1ccccc1F)C(=O)CCCN(c1cccc(C(F)(F)F)c1)S(C)(=O)=O,279
Cc1cc(C2C(c3ccccn3)N=C3SC(C)CN32)c(C)n1C1CC1,280
COC(=O)c1cn(C(=O)C2CCN(Cc3ccc(Cl)cc3)CC2)c2ccccc12,281
Cc1ccc(SCC(=O)N(Cc2ccccc2)C(C)C(=O)NC(C)(C)C)cc1,282
COC(=O)c1cn(C(=O)c2ccc(CN3CCCCCC3)cc2)c2ccccc12,283
CCOc1ncccc1C(=O)NC(Cc1ccccn1)C1CC(O)C1,284
CNC(=O)C(C)N(Cc1ccc(Cl)cc1Cl)C(=O)CN(c1ccccc1)S(C)(=O)=O,285
CC(=O)N1Cc2cccnc2C(C(=O)N2CCCC(C)C2)C1,286
CCc1ccc(CC)c(CNC(=O)c2ccc(Cl)cc2F)c1,287
Cc1ccc2c(c1)C(NC(=O)CCc1ccc3c(c1)OCO3)CC(C)(C)O2,288
CC(C)CNC(=O)C(Cc1ccccc1)N(Cc1cccc(Cl)c1)C(=O)CCCN(c1ccc2c(c1)OCCO2)S(C)(=O)=O,289
CCC(C)NC(=O)c1ccccc1NC(=O)CSCc1ccc(Cl)cc1Cl,290
CN1C(=S)NC(c2ccccn2)C1c1ccc[nH]1,291
CC(C(=O)NCc1ccccc1)N(Cc1ccc(Cl)cc1)C(=O)CCc1ccc(S(=O)(=O)NC2CC2)cc1,292
CNC(=O)C(C)N(Cc1cccc(OC)c1)C(=O)CCSCc1ccccc1,293
CC(C(=O)NC(C)(C)C)N(Cc1ccc(Cl)cc1)C(=O)CSCc1c(F)cccc1Cl,294
CCC(C(=O)NC(C)C)N(Cc1cccc(OC)c1)C(=O)CN(c1ccccc1)S(=O)(=O)c1ccc(F)cc1,295
CCc1noc(-c2cnc(C)nc2N2CCCC(C(=O)NCc3csc(CC)n3)C2)n1,296
CCC(C(=O)NC(C)C)N(Cc1ccc(OC)cc1)C(=O)CCc1ccccc1,297
CCOc1ccccc1N(CCCC(=O)N(Cc1ccc(OC)cc1)C(C)C(=O)NC)S(C)(=O)=O,298
CCCN1C(=S)NC(c2ccccn2)C1c1cc(C)n(-c2ccccc2Cl)c1C,299
CCCN1C(=S)NC(c2ccccn2)C1c1cc(C)n(-c2ccccc2O)c1C,300
CNC(=O)C(C)N(CCc1ccccc1)C(=O)CN(c1ccc(C)c(C)c1)S(=O)(=O)c1ccc(C)cc1,301
Cc1ccc(S(=O)(=O)N(CC(=O)N(Cc2ccc(Cl)cc2Cl)C(C)C(=O)NC(C)(C)C)c2cccc(Cl)c2Cl)cc1,302
CCC(C(=O)NC)N(Cc1ccccc1)C(=O)CN(C)S(=O)(=O)c1ccc2ccccc2c1,303
CCCCNC(=O)C(C)N(Cc1ccccc1C)C(=O)Cc1ccccc1[N+](=O)[O-],304
Cc1cc(C2C(c3ccccn3)NC(=S)N2CCN2CCOCC2)c(C)n1-c1cccc(C(F)(F)F)c1,305
Cc1cccc(OCC(=O)N(CCc2ccccc2)C(C)C(=O)NC(C)(C)C)c1,306
Cc1ccc(S(=O)(=O)NC(C)c2ccc3c(c2)CCC3)cc1,307
COc1ccc(CN(C(=O)COc2ccc(S(=O)(=O)N3CCOCC3)cc2)C(Cc2ccccc2)C(=O)NCCCO)cc1,308
CCC(C(=O)NC)N(Cc1ccc(F)cc1)C(=O)Cc1c(Cl)cccc1Cl,309
CCC(C)NC(=O)C(C)N(Cc1ccc(Br)cc1)C(=O)COc1cccc2ccccc12,310
CC(=O)Nc1nnc(S(=O)(=O)NC2CC3CCC2C3)s1,311
COC(=O)c1cc(S(=O)(=O)NC(C)COc2ccc(C)cc2)ccc1Cl,312
COc1ccc(CN(C(=O)CCc2ccc(S(=O)(=O)N3CCCC3)cc2)C(Cc2ccccc2)C(=O)NCc2ccc3c(c2)OCO3)cc1,313
CCNC(=O)C(CC)N(Cc1ccc(OC)cc1)C(=O)CN1C(=O)c2ccccc2S1(=O)=O,314
CCC(C(=O)NC1CCCC1)N(Cc1ccc(OC)cc1)C(=O)CN(c1ccc2c(c1)OCO2)S(C)(=O)=O,315
Cc1cccc(C(=O)Nc2nnc(S(=O)(=O)NC(C)c3ccc(F)cc3)s2)c1,316
CCCNC(=O)C(C)N(Cc1ccccc1Cl)C(=O)CSCc1cccc(Cl)c1,317
CS(=O)(=O)N(CC(=O)N(Cc1ccc(Cl)cc1Cl)C(Cc1ccccc1)C(=O)NC1CCCCC1)c1cccc(Br)c1,318
COc1ccc(Cl)cc1NS(=O)(=O)c1cccc(C(=O)NN)c1,319
Nc1ccc(NC2CCSC2)c(F)c1,320
CN(C)CCOCCNS(=O)(=O)c1cccc(F)c1C#N,321
O=S(=O)(CBr)NCCOCC(F)F,322
CCNC(C)c1nnnn1C(C)C1CCCC1,323
COCCNC(C)c1nnnn1-c1cccc(C)c1Br,324
CCCNC(C)c1nnnn1-c1cccc(C)c1Br,325
CC1CCC(CNC(=O)C(C)C(C)N)CC1,326
CCC1CCN(CC(=O)Nc2ccc(Cl)c(N)c2)C1,327
CCCOc1ccccc1C(O)CSCC,328
Cc1c(Br)cccc1C(Cc1cccc(F)c1Br)NN,329
NNC(CCCC(F)(F)F)CCC1CCCO1,330
CC(N)c1ncn(CC(=O)Nc2cccc(F)c2)n1,331
CCc1nnc(Nc2ccc(C(=O)O)c(Cl)c2)nc1CC,332
O=C(O)CC1(CO)CCS(=O)(=O)CC1,333
CCCCC(CC)(CNCC)C[Si](C)(C)C,334
CCC(C)(CC)NS(=O)(=O)c1cc(Cl)cc(CO)c1Cl,335
CS(=O)(=O)NCCCNc1nc(=O)c2cc(N)ccc2[nH]1,336
COc1ccc(C#N)c(NCCc2ncon2)c1,337
CC(C)(SCCOc1ccccc1F)C(N)C(=O)O,338
CCCNC(c1c(C)ccnc1N)C1CSCCN1C,339
Cc1cc(Br)cc(N)c1NC(=O)c1ccoc1Br,340
CCN=C(NCc1cccc(COCc2ccccc2)c1)NCC1(CCO)CCOC1,342
Nc1cc(CCC2CN(Cc3cccc4[nH]ccc34)CCO2)ccn1,345
Cc1cccc2cc(CNC(=O)C(C)(C)C)c(=O)[nH]c12,346
CC(CCO)CNC(=O)NC(c1ccc(Cl)cc1)C1CCC1,348
CSCCC(C)NC(=O)NC(=O)C=CC(=O)O,350
CCOC(C)CNS(=O)(=O)N1CCNCC1,351
C#CCC(C)N1C(=O)CC(C)(C)CC1=O,352
C#CCC(C)Nc1cc(F)cc(F)c1[N+](=O)[O-],353
CCOC(C)CNC(=O)c1ccc(F)cc1C#CCO,354
CC(C#N)NCCC1CCC1,355
CCOCC(=O)N1CCCC2(CC(OCc3ccncc3)CO2)C1,356
Cc1nn(C)c(C(=O)NN=Cc2ccc(F)s2)c1Cl,357
COc1ccc(S(=O)(=O)N(CC(=O)NC(C)c2ccc3c(c2)CCC3)c2ccccc2OC)cc1,358
Cc1ccc(N(CC(=O)N(Cc2ccc(Cl)cc2Cl)C(Cc2ccccc2)C(=O)NC2CCCC2)S(=O)(=O)c2ccc(F)cc2)cc1,359
COc1ccc2c(c1)C13CCN(CCN4CCCC4)C(C2)C12CCC1C3C(C2)C(=O)N1Cc1ccccc1,360
CS(=O)(=O)c1ccc(Nc2nc(N3CCCC(NC(=O)C4CC5CCC(C4)N5CC4CCN(c5ccc6c(c5)C(=O)N(C5CCC(=O)NC5=O)C6=O)CC4)C3)cnc2C(N)=O)cc1,361
Cc1nccnc1CN1CC(NS(C)(=O)=O)C(C(C)C)C1,362
Nc1nc(N2CCC3(CC2)Cc2ccccc2C3N)cnc1C(=O)N1CCCn2nccc21,363
