Drug_Name,norm,PubChem_ID
2-[1-methyl-5-(4-methylbenzoyl)pyrrol-2-yl]acetate,2-[1-methyl-5-(4-methylbenzoyl)pyrrol-2-yl],5508
4-oxo-3-(3-oxo-1-phenylbutyl)chromen-2-olate,4-oxo-3-(3-oxo-1-phenylbutyl)chromen-2-olate,23690541
"4r,6r-dorzolamide","4r,6r-dorzolamide",92087
"5-tert-butyl-2-methyl-1,3-benzodioxole","5-tert-butyl-2-methyl-1,3-benzodioxole",135113
Sodium;oxido(oxo)azanium,;oxido(oxo)azanium,4517618
Abacavir succinate,abacavir succinate,9822500
Abarelix,abarelix,16131215
Abrocitinib,abrocitinib,Not Available
Acalabrutinib,acalabrutinib,71226662
Acamprosate,acamprosate,71158
Acarbose,acarbose,444254
Acetaminophen,acetaminophen,1983
Acetohydroxamic acid,acetohydroxamic acid,1990
Acetyl sulfisoxazole,acetyl sulfisoxazole,6662
Acetylcholine chloride,acetylcholine chloride,6060
Acetylcysteine,acetylcysteine,12035
Acetylsalicylic acid,acetylsalicylic acid,2244
Acipimox,acipimox,5310993
Aclidinium,aclidinium,11434515
Aclidinium bromide,aclidinium bromide,11519741
Activated charcoal,activated charcoal,5462310
Adapalene,adapalene,60164
Adefovir dipivoxil,adefovir dipivoxil,60871
Agalsidase beta,agalsidase beta,52918379
Agomelatine,agomelatine,82148
Airduo respiclick,airduo respiclick,56841124
Albendazole,albendazole,2082
Albiglutide,albiglutide,145994868
Albumin (human),albumin (human),Not Available
Albumin microspheres (human),albumin microspheres (human),Not Available
Albuterol,albuterol,2083
Alcaftadine,alcaftadine,19371515
Aldesleukin,aldesleukin,Not Available
Alendronate sodium,alendronate,6331783
Alendronic acid,alendronic acid,2088
Alfacalcidol,alfacalcidol,5282181
Alfentanil,alfentanil,51263
Alfuzosin,alfuzosin,2092
Alglucosidase alfa,alglucosidase alfa,Not Available
Alirocumab,alirocumab,Not Available
Aliskiren hemifumarate,aliskiren hemifumarate,6918427
Alitretinoin,alitretinoin,449171
Almotriptan,almotriptan,123606
Almotriptan malate,almotriptan malate,123607
Alogliptin,alogliptin,11450633
Alogliptin benzoate,alogliptin benzoate,16088021
Alomide,alomide,44563
Alosetron,alosetron,2099
Alpha-1-proteinase inhibitor (human),alpha-1-proteinase inhibitor (human),Not Available
Alprostadil,alprostadil,5280723
Alteplase,alteplase,22976653
Aluminum hydroxide,aluminum hydroxide,10176082
Ambenonium chloride,ambenonium chloride,8288
Aminocaproic acid,aminocaproic acid,564
Aminohippuric acid,aminohippuric acid,2148
Aminolevulinic acid,aminolevulinic acid,137
Aminosalicylic acid,aminosalicylic acid,4649
Amisulpride,amisulpride,2159
Amlexanox,amlexanox,2161
Amlodipine besylate,amlodipine besylate,60496
Amobarbital,amobarbital,2164
Amphetamine,amphetamine,3007
Amphotericin b,amphotericin b,14956
Amprenavir,amprenavir,65016
Amsacrine,amsacrine,2179
Anileridine,anileridine,8944
Antagon,antagon,16130965
Anti-thymocyte globulin (rabbit),anti-thymocyte globulin (rabbit),Not Available
Antihemophilic factor (recombinant),antihemophilic factor (recombinant),Not Available
Antithrombin (recombinant),antithrombin (recombinant),Not Available
Antithrombin alfa,antithrombin alfa,Not Available
Antivenin (micrurus fulvius),antivenin (micrurus fulvius),Not Available
Apomorphine,apomorphine,6005
Apraclonidine,apraclonidine,2216
Apremilast,apremilast,10151715
Aprepitant,aprepitant,135413536
Aprotinin (bovine),aprotinin (bovine),16130295
Arformoterol,arformoterol,3083544
Arformoterol tartrate,arformoterol tartrate,9827062
Argatroban,argatroban,92722
Arginine,arginine,6322
Argipressin,argipressin,644077
Aripiprazole lauroxil,aripiprazole lauroxil,49831411
Armodafinil,armodafinil,9690109
Arsenic trioxide,arsenic trioxide,14888
Asciminib,asciminib,72165228
Ascorbic acid,ascorbic acid,54670067
Asenapine,asenapine,9903970
Atazanavir,atazanavir,148192
Atomoxetine hydrochloride,atomoxetine,54840
Atorvastatin calcium propylene glycol,atorvastatin propylene glycol,51039411
Atovaquone,atovaquone,74989
Atracurium,atracurium,47319
Atracurium besylate,atracurium besylate,47320
Auranofin,auranofin,24199313
Sodium aurothiomalate,aurothiomalate,22318
Avacopan,avacopan,49841217
Avanafil,avanafil,9869929
Avapritinib,avapritinib,118023034
Avatrombopag,avatrombopag,9852519
Azelaic acid,azelaic acid,2266
Azelastine,azelastine,2267
Azilsartan,azilsartan,135415867
Azilsartan kamedoxomil,azilsartan kamedoxomil,23699544
Azilsartan medoxomil,azilsartan medoxomil,135409642
Aztreonam,aztreonam,2274
Bacillus calmette-guerin,bacillus calmette-guerin,6451
Baloxavir marboxil,baloxavir marboxil,124081896
Balsalazide disodium,balsalazide disodium,135413496
Barium sulfate,barium,24414
Barium cation,barium cation,104810
Bazedoxifene acetate,bazedoxifene,154256
Beclomethasone 17-monopropionate,beclomethasone 17-monopropionate,62965
Beclomethasone dipropionate,beclomethasone dipropionate,21700
Bedaquiline,bedaquiline,5388906
Belinostat,belinostat,6918638
Belumosudil,belumosudil,11950170
Bempedoic acid,bempedoic acid,10472693
Benazeprilat,benazeprilat,5463984
Bendroflumethiazide,bendroflumethiazide,2315
Benicar hydrochlorothiazide,benicar hydrochlorothiazide,9940864
Benzocaine,benzocaine,2337
Benzoyl peroxide,benzoyl peroxide,7187
Benztropine,benztropine,1201549
Benzydamine,benzydamine,12555
Benzylpenicilloyl g,benzylpenicilloyl g,119212
Benzylpenicilloyl polylysine,benzylpenicilloyl polylysine,45266800
Bepotastine,bepotastine,164522
Bepotastine besilate,bepotastine besilate,164521
Beractant,beractant,Not Available
Beta-d-glucose,beta-d-glucose,64689
Betaine,betaine,247
Bethanechol,bethanechol,2370
Bethanechol chloride,bethanechol chloride,11548
Betiatide,betiatide,185457
Bexarotene,bexarotene,82146
Potassium bicarbonate,bicarbonate,516893
Bicisate dihydrochloride,bicisate dihydrochloride,71586979
Biguanide,biguanide,5939
Bilastine,bilastine,185460
Bimatoprost,bimatoprost,5311027
Binimetinib,binimetinib,10288191
Bisacodyl,bisacodyl,2391
Boceprevir,boceprevir,10324367
Bosentan,bosentan,104865
Botulinum neurotoxin a/b immune globulin (human),botulinum neurotoxin a/b immune globulin (human),Not Available
Botulinum toxin type a,botulinum toxin type a,Not Available
Bretylium,bretylium,2431
Brexpiprazole,brexpiprazole,11978813
Brimonidine,brimonidine,2435
Brimonidine tartrate,brimonidine tartrate,11236066
Brinzolamide,brinzolamide,68844
Brivaracetam,brivaracetam,9837243
Bromazepam,bromazepam,2441
Bromfenac,bromfenac,60726
Bromhexine,bromhexine,2442
Bromocresol green,bromocresol green,6451
Budesonide,budesonide,5281004
Bupropion,bupropion,444
Buspirone,buspirone,2477
Butabarbital,butabarbital,2479
Butorphanol,butorphanol,5361092
Butorphanol tartrate,butorphanol tartrate,5462346
Butylscopolamine bromide,butylscopolamine bromide,656587
C1 esterase inhibitor (recombinant),c1 esterase inhibitor (recombinant),Not Available
Cabozantinib s-malate,cabozantinib s-malate,25102846
Caffeine citrate,caffeine citrate,6241
Calcifediol,calcifediol,5283731
Calcitonin,calcitonin,16220016
Calcitonin (salmon),calcitonin (salmon),16133812
Calcitriol,calcitriol,5280453
Calfactant,calfactant,Not Available
Californium-249 oxide,californium-249 oxide,6453361
Canagliflozin,canagliflozin,24812758
Cannabidiol,cannabidiol,644019
Capromab pendetide,capromab pendetide,135509147
Carbachol,carbachol,5831
Carbidopa,carbidopa,34359
Carbinoxamine,carbinoxamine,2564
Calcium carbonate,carbonate,10112
Carbonic acid,carbonic acid,767
Carboprost tromethamine,carboprost tromethamine,5281074
Carglumic acid,carglumic acid,121396
Cariprazine,cariprazine,11154555
Carmustine,carmustine,2578
Caspofungin,caspofungin,2826718
Sodium cation,cation,923
Cefaclor,cefaclor,51039
Cefadroxil,cefadroxil,47965
Cefdinir,cefdinir,6915944
Cefditoren pivoxil,cefditoren pivoxil,16667736
Cefepime,cefepime,5479537
Cefixime,cefixime,5362065
Cefotaxime,cefotaxime,5742673
Cefoxitin,cefoxitin,441199
Cefprozil,cefprozil,5281006
Ceftaroline fosamil,ceftaroline fosamil,9852981
Ceftazidime,ceftazidime,5481173
Ceftazidime pentahydrate,ceftazidime pentahydrate,5362051
Ceftibuten dihydrate,ceftibuten,5282241
Ceftobiprole,ceftobiprole,135413542
Cenobamate,cenobamate,11962412
Cephradine,cephradine,38103
Cerivastatin,cerivastatin,446156
Certolizumab pegol,certolizumab pegol,Not Available
Cetrorelix,cetrorelix,25074887
Cetrorelix trifluoroacetate,cetrorelix trifluoroacetate,25074886
Cevimeline,cevimeline,2684
Cherry menthol,cherry menthol,Not Available
Chloral hydrate,chloral hydrate,2707
Chloramphenicol,chloramphenicol,5959
Chloramphenicol sodium succinate,chloramphenicol succinate,656833
Chloroprocaine,chloroprocaine,8612
Chlorphenamine,chlorphenamine,2725
Chlorthalidone,chlorthalidone,2732
Chlorzoxazone,chlorzoxazone,2733
Cholestyramine,cholestyramine,137699107
Cholestyramine resin,cholestyramine resin,137699107
Choline fenofibrate,choline fenofibrate,11350701
Choline magnesium trisalicylate,choline trisalicylate,54682045
Choriogonadotropin alfa,choriogonadotropin alfa,Not Available
Ciclesonide,ciclesonide,6918155
Cidofovir,cidofovir,60613
Cinacalcet hydrochloride,cinacalcet,156418
Cinoxacin,cinoxacin,2762
Cisatracurium besylate,cisatracurium besylate,62886
Citric acid,citric acid,311
Clemastine fumarate,clemastine,5281069
Clindamycin palmitate hydrochloride (pediatric),clindamycin palmitate (pediatric),16052038
Clobazam,clobazam,2789
Clobetasol,clobetasol,5311051
Clodronic acid,clodronic acid,25419
Clomiphene,clomiphene,1548953
Clomiphene citrate,clomiphene citrate,60974
Clopidogrel bisulfate,clopidogrel bisulfate,115366
Clostridium tetani toxoid immune globulin (human),clostridium tetani toxoid immune globulin (human),Not Available
Clotrimazole,clotrimazole,2812
Cloxacillin,cloxacillin,6098
Cobimetinib,cobimetinib,16222096
Coenzyme M,coenzyme m,598
Colesevelam hydrochloride,colesevelam,60208760
Colestipol,colestipol,62816
Conivaptan,conivaptan,151171
Conjugated estrogens,conjugated estrogens,45357473
Copper,copper,23978
Corticorelin ovine triflutate,corticorelin ovine triflutate,16132344
Corticotropin,corticotropin,16132265
Cosyntropin,cosyntropin,16133802
Crisaborole,crisaborole,44591583
Crofelemer,crofelemer,36511
Cromolyn,cromolyn,2882
Cyanocobalamin,cyanocobalamin,5311498
Cyclizine,cyclizine,6726
Cyclo-upup,cyclo-upup,194491
Cyclobenzaprine,cyclobenzaprine,2895
Cyclopentolate hydrochloride,cyclopentolate,22162
Cyproheptadine,cyproheptadine,2913
Cysteamine,cysteamine,6058
Cytarabine,cytarabine,6253
Cytomegalovirus immune globulin (human),cytomegalovirus immune globulin (human),Not Available
Dabigatran etexilate,dabigatran etexilate,135565674
Dacomitinib,dacomitinib,11511120
Dalbavancin,dalbavancin,16134627
Dalfampridine,dalfampridine,1727
Dapagliflozin,dapagliflozin,9887712
Dapagliflozin propanediol,dapagliflozin propanediol,24906252
Dapsone,dapsone,2955
Darbepoetin alfa,darbepoetin alfa,Not Available
Darifenacin,darifenacin,444031
Darunavir,darunavir,213039
Darunavir ethanolate,darunavir ethanolate,23725083
Daunorubicin citrate,daunorubicin citrate,9961878
Deferasirox,deferasirox,214348
Deferiprone,deferiprone,2972
Defibrotide sodium,defibrotide,135565962
Deflazacort,deflazacort,189821
Degarelix,degarelix,16136245
Delafloxacin,delafloxacin,487101
Delamanid,delamanid,6480466
Delavirdine,delavirdine,5625
Demeclocycline,demeclocycline,54680690
Denileukin diftitox,denileukin diftitox,Not Available
Deoxycholic acid,deoxycholic acid,222528
Desflurane,desflurane,42113
Desirudin,desirudin,16129703
Desloratadine,desloratadine,124087
Desonide,desonide,5311066
Desoximetasone,desoximetasone,5311067
Desvenlafaxine,desvenlafaxine,125017
Desvenlafaxine succinate,desvenlafaxine succinate,9800068
Deucravacitinib,deucravacitinib,134821691
Deutetrabenazine,deutetrabenazine,73437646
Dexchlorpheniramine,dexchlorpheniramine,33036
Dexlansoprazole,dexlansoprazole,9578005
Dexmethylphenidate hydrochloride,dexmethylphenidate,154100
Dexpanthenol,dexpanthenol,131204
Dexrazoxane,dexrazoxane,71384
Diamminedichloroplatinum,diamminedichloroplatinum,441203
Diatrizoate sodium,diatrizoate,23672589
Diatrizoate meglumine,diatrizoate meglumine,8566
Diatrizoic acid,diatrizoic acid,2140
Dibasic potassium phosphate,dibasic,24450
Dichlorphenamide,dichlorphenamide,3038
Dicloxacillin,dicloxacillin,18381
Dicyclomine,dicyclomine,3042
Dienogest,dienogest,68861
Diethylpropion,diethylpropion,7029
Digoxin immune fab (ovine),digoxin immune fab (ovine),Not Available
Dihydrogen phosphate,dihydrogen,1003
Dimenhydrinate,dimenhydrinate,10660
Dimercaprol,dimercaprol,3080
Dimethyl fumarate,dimethyl,637568
Dinoprost,dinoprost,5280363
Dinoprost tromethamine,dinoprost tromethamine,5282415
Dinoprostone,dinoprostone,5280360
Dinutuximab,dinutuximab,Not Available
Diphenoxylate hydrochloride,diphenoxylate,6432394
Dipridamole,dipridamole,3108
Diroximel fumarate,diroximel,73330464
Divalproex sodium,divalproex,23663956
Docusate,docusate,11339
Dofetilide,dofetilide,71329
Domperidone,domperidone,3151
Dopamine,dopamine,681
Doripenem,doripenem,73303
Dornase alfa,dornase alfa,Not Available
Dorzolamide,dorzolamide,5284549
Doxacurium chloride,doxacurium chloride,60168
Doxapram,doxapram,3156
Doxazosin,doxazosin,3157
Doxepin,doxepin,3158
Doxercalciferol,doxercalciferol,5281107
Doxorubicin,doxorubicin,31703
Doxycycline hyclate,doxycycline hyclate,54705095
Doxylamine,doxylamine,3162
Droxidopa,droxidopa,92974
Dyphylline,dyphylline,3182
Edaravone,edaravone,4021
Edetate calcium disodium,edetate disodium,6093170
Edetic acid,edetic acid,6049
Edoxaban tosylate,edoxaban tosylate,44610678
Edrophonium,edrophonium,3202
Edrophonium chloride,edrophonium chloride,8307
Efinaconazole,efinaconazole,489181
Elagolix,elagolix,11250647
Elazop,elazop,71306410
Eletriptan,eletriptan,77993
Eliglustat,eliglustat,23652731
Eltrombopag olamine,eltrombopag olamine,135449331
Eluxadoline,eluxadoline,11250029
Emedastine,emedastine,3219
Emedastine difumarate,emedastine difumarate,5282485
Empagliflozin,empagliflozin,11949646
Emtricitabine,emtricitabine,60877
Enalaprilat,enalaprilat,5462501
Enasidenib,enasidenib,89683805
Enflurane,enflurane,3226
Enfuvirtide,enfuvirtide,16130199
Entacapone,entacapone,5281081
Entecavir,entecavir,135398508
Enzalutamide,enzalutamide,15951529
Eovist,eovist,91754427
Epi-kal2,epi-kal2,44201343
Epinastine,epinastine,3241
Epinephrine,epinephrine,5816
Epinephrine bitartrate,epinephrine bitartrate,5815
Eplerenone,eplerenone,443872
Epoetin alfa,epoetin alfa,127893
Equilin sulfate,equilin,168708
Erdafitinib,erdafitinib,67462786
Ergocalciferol,ergocalciferol,5280793
Ergotamine tartrate,ergotamine tartrate,9787
Ertapenem,ertapenem,150610
Erythromycin lactobionate,erythromycin lactobionate,71469
Erythropoietin,erythropoietin,11751549
Escitalopram oxalate,escitalopram oxalate,146571
Esketamine,esketamine,182137
Eslicarbazepine,eslicarbazepine,9881504
Esomeprazole strontium,esomeprazole strontium,16048656
Estazolam,estazolam,3261
Esterified estrogens,esterified estrogens,Not Available
Estradiol,estradiol,5757
Estradiol cypionate,estradiol cypionate,9403
Estradiol hemihydrate,estradiol hemihydrate,154274
Estradiol valerate,estradiol valerate,13791
Estramustine,estramustine,259331
Estriol,estriol,5756
Estrofen,estrofen,3080904
Estrogens conjugated synthetic a,estrogens conjugated synthetic a,Not Available
Estrogens conjugated synthetic b,estrogens conjugated synthetic b,Not Available
Estrone,estrone,5870
Estropipate,estropipate,5284555
Eszopiclone,eszopiclone,969472
Etelcalcetide,etelcalcetide,71511839
Ethanolamine oleate,ethanolamine oleate,5282489
Ethinyl estradiol,ethinyl estradiol,5991
Ethotoin,ethotoin,3292
Etidronate disodium,etidronate disodium,23894
Etidronic acid,etidronic acid,3305
Etodolac,etodolac,3308
Etomidate,etomidate,667484
Etonogestrel,etonogestrel,6917715
Etophos,etophos,60668
Etravirine,etravirine,193962
Evolocumab,evolocumab,Not Available
Exenatide,exenatide,45588096
Extendin-4,extendin-4,16157882
Ezogabine,ezogabine,121892
Factor xiii concentrate (human),factor xiii concentrate (human),Not Available
Famciclovir,famciclovir,3324
Febuxostat,febuxostat,134018
Fedratinib,fedratinib,16722836
Felbamate,felbamate,3331
Felodipine,felodipine,3333
Fenofibric acid,fenofibric acid,64929
Fenoldopam,fenoldopam,3341
Fentanyl citrate,fentanyl citrate,13810
Ferric carboxymaltose,ferric carboxymaltose,86278165
Sodium ferric gluconate complex,ferric gluconate complex,23693558
Ferric oxyhydroxide,ferric oxyhydroxide,9793696
Ferric pyrophosphate,ferric pyrophosphate,24877
Ferrosoferric oxide,ferrosoferric oxide,14789
Ferrous cation,ferrous cation,27284
Ferumoxides,ferumoxides,6432052
Ferumoxytol,ferumoxytol,14789
Ferumoxytol non-stoichiometric magnetite,ferumoxytol non-stoichiometric magnetite,6432052
Fesoterodine,fesoterodine,6918558
Fexofenadine,fexofenadine,3348
Fibrinogen,fibrinogen,90540
Fidaxomicin,fidaxomicin,151383
Finerenone,finerenone,60150535
Flucaonazole,flucaonazole,Not Available
Fluconazole,fluconazole,3365
Flucytosine,flucytosine,3366
Flunisolide,flunisolide,82153
Flunisolide hemihydrate,flunisolide hemihydrate,82153
Flunitrazepam,flunitrazepam,3380
Fluocinolone acetonide,fluocinolone acetonide,6215
Fluocinonide,fluocinonide,9642
Sodium fluoride,fluoride,5235
Fluorometholone,fluorometholone,9878
Fluorouracil,fluorouracil,3385
Fluoxymesterone,fluoxymesterone,6446
Fluphenazine,fluphenazine,3372
Fluphenazine decanoate,fluphenazine decanoate,3388
Flurazepam,flurazepam,3393
Flutemetamol f-18,flutemetamol f-18,15950376
Fluticasone propionate,fluticasone,444036
Fluticasone furoate,fluticasone furoate,9854489
Fluvoxamine,fluvoxamine,5324346
Follitropin alfa,follitropin alfa,Not Available
Follitropin beta,follitropin beta,Not Available
Fomepizole,fomepizole,3406
Fondaparinux,fondaparinux,5282448
Formoterol,formoterol,3410
Fosamprenavir calcium,fosamprenavir,131535
Fosaprepitant,fosaprepitant,135413538
Fosaprepitant dimeglumine,fosaprepitant dimeglumine,136086851
Foscarnet,foscarnet,3415
Fosfomycin,fosfomycin,446987
Fosfomycin tromethamine,fosfomycin tromethamine,54331
Fosinoprilat,fosinoprilat,62956
Fospropofol disodium,fospropofol disodium,3038497
Fostamatinib,fostamatinib,11671467
Fragmin,fragmin,772
Frovatriptan,frovatriptan,77992
Frovatriptan succinate,frovatriptan succinate,152943
Fusidic acid,fusidic acid,3000226
Gabapentin enacarbil,gabapentin enacarbil,9883933
Gadobenate dimeglumine,gadobenate dimeglumine,105125
Gadodiamide,gadodiamide,60754
Gadodiamide hydrate,gadodiamide hydrate,153921
Gadofosveset,gadofosveset,46174086
Gadolinium,gadolinium,23982
Gadolinium cation (3+),gadolinium cation (3+),168050
Gadolinium-dtpa,gadolinium-dtpa,6857474
Gadopentetate dimeglumine,gadopentetate dimeglumine,131751658
Gadoterate meglumine,gadoterate meglumine,6918037
Gadoteridol,gadoteridol,60714
Gadoversetamide,gadoversetamide,444013
Gadoxetate disodium,gadoxetate disodium,9961939
Galantamine,galantamine,9651
Gallium cation,gallium cation,105145
Gallium nitrate,gallium nitrate,61635
Galsulfase,galsulfase,Not Available
Gamma-aminobutyric acid,gamma-aminobutyric acid,119
Ganciclovir,ganciclovir,135398740
Ganirelix,ganirelix,16130957
Gatifloxacin,gatifloxacin,5379
Gazyva,gazyva,Not Available
Gemeprost,gemeprost,5282237
Gemfibrozil,gemfibrozil,3463
Gemtuzumab ozogamicin,gemtuzumab ozogamicin,Not Available
Gentamicin,gentamicin,3467
Glimepiride,glimepiride,3476
Glipizide,glipizide,3478
Glucarpidase,glucarpidase,21195079
Glutamine,glutamine,5961
Glyburide,glyburide,3488
Glycerin,glycerin,753
Glycerol phenylbutyrate,glycerol phenylbutyrate,10482134
Glycine,glycine,750
Glycopyrronium,glycopyrronium,9933193
Gonadotrophin chorionic,gonadotrophin chorionic,Not Available
Granisetron,granisetron,5284566
Griseofulvin,griseofulvin,441140
Guaifenesin,guaifenesin,3516
Guanabenz acetate,guanabenz,5702062
Guanethidine monosulfate,guanethidine monosulfate,56927696
Guanfacine,guanfacine,3519
Guanidine,guanidine,3520
Halobetasol,halobetasol,5311167
Halofantrine hydrochloride,halofantrine,37392
Haloperidol decanoate,haloperidol decanoate,52919
Haloperidol lactate,haloperidol lactate,16051968
Halothane,halothane,3562
Hemin,hemin,26945
Heparan sulfate,heparan,Not Available
Hepatitis b immune globulin (human),hepatitis b immune globulin (human),Not Available
Hepatitis b vaccine,hepatitis b vaccine,16131310
Hepatitis b vaccine (recombinant),hepatitis b vaccine (recombinant),Not Available
Magnesium sulfate heptahydrate,heptahydrate,24843
Hetastarch,hetastarch,24846132
Hex-hgrf,hex-hgrf,44201342
Histamine,histamine,774
Histrelin,histrelin,25077993
Homatropine,homatropine,688024
Honey lemon menthol,honey lemon menthol,Not Available
Hyaluronidase,hyaluronidase,91820602
Hyaluronidase (human recombinant),hyaluronidase (human recombinant),Not Available
Hyaluronidase (ovine),hyaluronidase (ovine),Not Available
Hydrocortisone sodium succinate,hydrocortisone succinate,23694214
Hydrogen iodide,hydrogen iodide,24841
Magnesium hydroxide,hydroxide,14791
Hydroxide ion,hydroxide ion,961
Hydroxocobalamin,hydroxocobalamin,70678542
Hydroxybutanedial,hydroxybutanedial,5288169
Hydroxybutanoic acid,hydroxybutanoic acid,10413
Hydroxyprogesterone,hydroxyprogesterone,6238
Hydroxyprogesterone caproate,hydroxyprogesterone caproate,169870
Hydroxyurea,hydroxyurea,3657
Hydroxyzine,hydroxyzine,3658
Hyoscyamine,hyoscyamine,154417
Ibandronate sodium,ibandronate,23670359
Ibandronic acid,ibandronic acid,60852
Ibritumomab tiuxetan,ibritumomab tiuxetan,92002593
Ibuprofen lysine,ibuprofen lysine,9841440
Icatibant,icatibant,6918173
Icosapent,icosapent,446284
Icosapent ethyl,icosapent ethyl,9831415
Idarucizumab,idarucizumab,Not Available
Idursulfase,idursulfase,Not Available
Immune globulin,immune globulin,Not Available
Immunoglobulin (human),immunoglobulin (human),Not Available
Immunoglobulin g (human),immunoglobulin g (human),Not Available
Inamrinone,inamrinone,3698
Indacaterol,indacaterol,6918554
Ingenol mebutate,ingenol mebutate,6918670
Insulin (human),insulin (human),118984375
Insulin aspart,insulin aspart,118984445
Insulin degludec,insulin degludec,118984462
Insulin detemir,insulin detemir,16137271
Insulin glargine,insulin glargine,118984454
Insulin glulisine,insulin glulisine,16136701
Insulin lispro,insulin lispro,16132438
Interferon alfa-2a,interferon alfa-2a,Not Available
Interferon alfa-2b,interferon alfa-2b,71306834
Interferon alfacon-1,interferon alfacon-1,Not Available
Interferon beta-1a,interferon beta-1a,Not Available
Interferon beta-1b,interferon beta-1b,Not Available
Interferon gamma-1b,interferon gamma-1b,Not Available
Potassium iodide,iodide,4875
Sodium iodide i-123,iodide i-123,11954386
Sodium iodide i-131,iodide i-131,71368
Iodine,iodine,807
Iodipamide,iodipamide,3739
Iodipamide meglumine,iodipamide meglumine,636408
Ioflupane i-123,ioflupane i-123,3086674
Iopamidol,iopamidol,65492
Iopromide,iopromide,3736
Iothalamate meglumine,iothalamate meglumine,656642
Iothalamic acid,iothalamic acid,3737
Iotrolan,iotrolan,3738
Ioversol,ioversol,3741
Ioxaglate meglumine,ioxaglate meglumine,20055342
Ioxaglic acid,ioxaglic acid,3742
Ioxilan,ioxilan,3743
Ipratropium bromide,ipratropium bromide,657308
Iron,iron,23925
Iron dextran,iron dextran,105075
Iron;nitroxyl anion;pentacyanide,iron;nitroxyl anion;pentacyanide,11947681
Isavuconazole,isavuconazole,6918485
Isavuconazonium sulfate,isavuconazonium,72196309
Isoniazid,isoniazid,3767
Isosorbide,isosorbide,12597
Isosorbide mononitrate,isosorbide mononitrate,27661
Isradipine,isradipine,3784
Istradefylline,istradefylline,5311037
Ivacaftor,ivacaftor,16220172
Ivermectin,ivermectin,6321424
Ivosidenib,ivosidenib,71657455
Ixabepilone,ixabepilone,6445540
Kadain,kadain,4253
Kanamycin,kanamycin,6032
Ketoconazole,ketoconazole,3823
Ketorolac tromethamine,ketorolac tromethamine,84003
Ketotifen,ketotifen,3827
Kinetin,kinetin,3830
Lactulose,lactulose,11333
Lamisil,lamisil,1549007
Lamivudine,lamivudine,60825
Lanreotide acetate,lanreotide,71349
Lanthanum carbonate,lanthanum carbonate,168924
Larotrectinib,larotrectinib,46188928
Lasmiditan,lasmiditan,11610526
Lasofoxifene,lasofoxifene,216416
Lercanidipine,lercanidipine,65866
Lesinurad,lesinurad,53465279
Letermovir,letermovir,45138674
Leucovorin,leucovorin,135403648
Leuprolide acetate,leuprolide,657180
Leuprolide monoacetate,leuprolide monoacetate,657180
Levalbuterol tartrate,levalbuterol tartrate,10349032
Levobetaxolol hydrochloride,levobetaxolol,60656
Levobunolol,levobunolol,39468
Levobupivacaine,levobupivacaine,92253
Levocabastine hydrochloride,levocabastine,54384
Levocarnitine,levocarnitine,10917
Levocetirizine,levocetirizine,1549000
Levocetirizine dihydrochloride,levocetirizine dihydrochloride,9955977
Levodopa,levodopa,6047
Levodopa-4'-monophosphate,levodopa-4'-monophosphate,127766
Levoleucovorin,levoleucovorin,135398559
Levomefolate calcium,levomefolate,135564391
Levomilnacipran hydrochloride,levomilnacipran,6917778
Levorphanol,levorphanol,5359272
Levorphanol tartrate,levorphanol tartrate,5462348
Levothyroxine,levothyroxine,5819
Lidocaine,lidocaine,3676
Lifitegrast,lifitegrast,11965427
Linaclotide,linaclotide,16158208
Lincomycin hydrochloride,lincomycin,64710
Liothyronine,liothyronine,5920
Liraglutide,liraglutide,16134956
Lisdexamfetamine,lisdexamfetamine,11597698
Lisdexamfetamine dimesylate,lisdexamfetamine dimesylate,11597697
Lithium carbonate,lithium carbonate,11125
Lithium cation,lithium cation,28486
Lithium hydroxide,lithium hydroxide,3939
Lixisenatide,lixisenatide,90472060
Lodoxamide,lodoxamide,44564
Lodoxamide tromethamine,lodoxamide tromethamine,11192129
Lofexidine,lofexidine,30668
Lomefloxacin,lomefloxacin,3948
Lomitapide,lomitapide,9853053
Lomustine,lomustine,3950
Loperamide cation,loperamide cation,3954
Loracarbef,loracarbef,5284585
Lorcaserin hydrochloride hemihydrate,lorcaserin hemihydrate,70678853
Lormetazepam,lormetazepam,13314
Loteprednol etabonate,loteprednol etabonate,444025
Loxapine,loxapine,3964
Loxapine succinate,loxapine succinate,71399
Lumateperone,lumateperone,21302490
Lurasidone,lurasidone,213046
Lurbinectedin,lurbinectedin,57327016
Lutetium oxodotreotide lu-177,lutetium oxodotreotide lu-177,76966897
Lutropin alfa,lutropin alfa,Not Available
Lymecycline,lymecycline,54707177
Lymphazurin,lymphazurin,101316975
Lyxumia,lyxumia,90472060
Mafenide,mafenide,3998
Magnevist,magnevist,55466
Malvidin chloride,malvidin chloride,69512
Mangafodipir trisodium,mangafodipir trisodium,160036
Maralixibat,maralixibat,9831643
Maraviroc,maraviroc,3002977
Maribavir,maribavir,471161
Mebendazole,mebendazole,4030
Mebeverine,mebeverine,4031
Mecasermin,mecasermin,Not Available
Mechlorethamine,mechlorethamine,4033
Meclizine,meclizine,4034
Medronic acid,medronic acid,16124
Melatonin,melatonin,896
Memantine,memantine,4054
Menotropins,menotropins,Not Available
Mepact,mepact,23663962
Mepivacaine,mepivacaine,4062
Meprobamate,meprobamate,4064
Mercaptoethanesulfonic acid,mercaptoethanesulfonic acid,598
Mercaptopurine,mercaptopurine,667490
Merrem i.v.,merrem i.v.,441130
Mersyndol,mersyndol,5487068
Mertiatide,mertiatide,60778
Mesalamine,mesalamine,4075
Mesna,mesna,23662354
Metaxalone,metaxalone,15459
Methacholine,methacholine,1993
Methacholine chloride,methacholine chloride,6114
Methane,methane,297
Methocarbamol,methocarbamol,4107
Methoxsalen,methoxsalen,4114
Methoxy polyethylene glycol-epoetin beta,methoxy polyethylene glycol-epoetin beta,Not Available
Methsuximide,methsuximide,6476
Methyclothiazide,methyclothiazide,4121
Methyl salicylate,methyl salicylate,4133
Methyldopate hydrochloride,methyldopate,17276
Methylene blue cation,methylene blue cation,4139
Methylnaltrexone,methylnaltrexone,5361918
Methylphenidate,methylphenidate,4158
Methylprednisolone hemisuccinate,methylprednisolone hemisuccinate,16923
Methylprednisolone sodium succinate,methylprednisolone succinate,23680530
Metolazone,metolazone,4170
Metoprolol succinate,metoprolol succinate,62937
Metoprolol tartrate,metoprolol tartrate,441308
Metreleptin,metreleptin,Not Available
Metyrosine,metyrosine,441350
Micafungin,micafungin,477468
Midodrine,midodrine,4195
Mifepristone,mifepristone,55245
Migalastat,migalastat,176077
Miglitol,miglitol,441314
Miglustat,miglustat,51634
Milnacipran hydrochloride,milnacipran,163701
Milrinone,milrinone,4197
Milrinone lactate,milrinone lactate,172293
Minocycline anion,minocycline anion,26275995
Mipomersen sodium,mipomersen,44564107
Mirtazapine,mirtazapine,4205
Mitomycin,mitomycin,5746
Mivacurium chloride,mivacurium chloride,5281080
Mobocertinib,mobocertinib,118607832
Moclobemide,moclobemide,4235
Modafinil,modafinil,4236
Moexipril hydrochloride,moexipril,54889
Moexiprilat,moexiprilat,55331
Molindone,molindone,23897
Molnupiravir,molnupiravir,145996610
Mometasone,mometasone,441335
Mometasone furoate,mometasone furoate,441336
Potassium phosphate monobasic,monobasic,516951
Monoethanolamine,monoethanolamine,700
Moxonidine,moxonidine,4810
Mupirocin,mupirocin,446596
Muromonab-cd3,muromonab-cd3,Not Available
Mycophenolic acid,mycophenolic acid,446541
Myristyl sulfate,myristyl,5248
Nabilone,nabilone,5284592
Nafarelin,nafarelin,25077405
Naldemedine,naldemedine,54732242
Naloxegol,naloxegol,56959087
Nandrolone decanoate,nandrolone decanoate,9677
Naratriptan,naratriptan,4440
Natamycin,natamycin,5284447
Nateglinide,nateglinide,5311309
Natrecor,natrecor,91976508
Necitumumab,necitumumab,Not Available
Nedocromil sodium,nedocromil,50295
Nefazodone,nefazodone,4449
Nelarabine,nelarabine,3011155
Nelfinavir mesylate,nelfinavir,64142
Neostigmine methylsulfate,neostigmine methylsulfate,5824
Nepafenac,nepafenac,151075
Neratinib,neratinib,9915743
Nexium,nexium,9568613
Nicotinate,nicotinate,937
Nicotine alkaloid,nicotine alkaloid,942
Nisoldipine,nisoldipine,4499
Nitazoxanide,nitazoxanide,41684
Nitisinone,nitisinone,115355
Nitric oxide,nitric oxide,145068
Nitrite,nitrite,946
Nitrofurantoin (monohydrate/macrocrystals),nitrofurantoin (/macrocrystals),6604200
Nitrofurantoin (macrocrystals),nitrofurantoin (macrocrystals),6604200
Nitrous oxide,nitrous oxide,948
Nizatidine,nizatidine,3033637
Norepinephrine,norepinephrine,439260
Norepinephrine bitartrate,norepinephrine bitartrate,3047796
Norethindrone acetate,norethindrone,5832
Norfloxacin,norfloxacin,4539
Nortriptyline,nortriptyline,4543
Nuvaring,nuvaring,9960701
Nystatin,nystatin,11286230
Obeticholic acid,obeticholic acid,447715
Obiltoxaximab,obiltoxaximab,Not Available
Ofloxacin,ofloxacin,4583
Olanzapine pamoate,olanzapine pamoate,135566032
Olmesartan medoxomil,olmesartan medoxomil,130881
Olodaterol,olodaterol,11504295
Olopatadine,olopatadine,5281071
Omacetaxine mepesuccinate,omacetaxine mepesuccinate,285033
Omega-3-acid ethyl esters,omega-3-acid ethyl esters,9831414
Omega-3-carboxylic acids,omega-3-carboxylic acids,446284
Onabotulinumtoxina,onabotulinumtoxina,Not Available
Ondansetron,ondansetron,4595
Opicapone,opicapone,135565903
Optimark,optimark,6435809
Orciprenaline,orciprenaline,4086
Oritavancin,oritavancin,16136912
Orlistat,orlistat,3034010
Oseltamivir,oseltamivir,65028
Oseltamivir acid,oseltamivir acid,449381
Ospemifene,ospemifene,3036505
Oxacillin,oxacillin,6196
Oxandrolone,oxandrolone,5878
Oxazepam,oxazepam,4616
Oxcarbazepine,oxcarbazepine,34312
Magnesium oxide,oxide,14792
Oxidronic acid,oxidronic acid,27304
Oxtriphylline,oxtriphylline,656652
Oxybutynin,oxybutynin,4634
Oxygen,oxygen,977
Oxymetholone,oxymetholone,5281034
Oxytetracycline,oxytetracycline,54675779
Ozanimod,ozanimod,52938427
Pacritinib,pacritinib,46216796
Paliperidone palmitate,paliperidone palmitate,9852746
Palonosetron,palonosetron,6337614
Pamidronate disodium,pamidronate disodium,73351
Pamidronic acid,pamidronic acid,4674
Pancuronium bromide,pancuronium bromide,27350
Panobinostat lactate,panobinostat lactate,23725423
Pantoprazole,pantoprazole,4679
Papaverine hydrochloride,papaverine,6084
Parathyroid hormone,parathyroid hormone,Not Available
Parecoxib,parecoxib,119828
Paricalcitol,paricalcitol,5281104
Paroxetine hydrochloride hemihydrate,paroxetine hemihydrate,9843029
Paroxetine impurity a,paroxetine impurity a,3038120
Pasireotide,pasireotide,9941444
Pasireotide diaspartate,pasireotide diaspartate,70788982
Pegaptanib,pegaptanib,56603655
Pegaspargase,pegaspargase,436058
Peginesatide,peginesatide,Not Available
Peginterferon alfa-2a,peginterferon alfa-2a,Not Available
Peginterferon alfa-2b,peginterferon alfa-2b,Not Available
Pegvisomant,pegvisomant,Not Available
Pemetrexed disodium,pemetrexed disodium,135413520
Pemirolast,pemirolast,57697
Penbutolol,penbutolol,37464
Penciclovir,penciclovir,135398748
Penicillin g,penicillin g,5904
Penicillin g benzathine,penicillin g benzathine,656811
Penicillin g procaine,penicillin g procaine,22502
Penicillin v,penicillin v,6869
Pentamidine isethionate,pentamidine isethionate,8813
Pentazocine lactate,pentazocine lactate,656697
Pentetate calcium trisodium,pentetate trisodium,25513
Pentetic acid,pentetic acid,3053
Pentosan polysulfate,pentosan polysulfate,37720
Pentostatin,pentostatin,439693
Pentoxifylline,pentoxifylline,4740
Perflutren,perflutren,6432
Periciazine,periciazine,4747
Perindopril erbumine,perindopril erbumine,441313
Perindoprilat,perindoprilat,72022
Perphenazine,perphenazine,4748
Pexidartinib,pexidartinib,25151352
Phenelzine,phenelzine,3675
Phenoxybenzamine,phenoxybenzamine,4768
Phentolamine,phentolamine,5775
Phenytoin,phenytoin,1775
Phosphonatoformate,phosphonatoformate,3414
Phytonadione,phytonadione,5284607
Pilocarpine hydrochloride,pilocarpine,5909
Pimavanserin,pimavanserin,10071196
Pimecrolimus,pimecrolimus,6447131
Pimozide,pimozide,16362
Pinaverium bromide,pinaverium bromide,40703
Piperacillin,piperacillin,43672
Pirbuterol,pirbuterol,4845
Pixantrone,pixantrone,134019
Plerixafor,plerixafor,65015
Plerixafor octahydrochloride,plerixafor octahydrochloride,65014
Polidocanol,polidocanol,656641
Polyethylene glycol 3350,polyethylene glycol 3350,174
Polymyxin b,polymyxin b,49800004
Polyoxyethylene,polyoxyethylene,Not Available
Sodium polystyrene sulfonate,polystyrene sulfonate,75905
Ponesimod,ponesimod,Not Available
Poractant alfa,poractant alfa,Not Available
Porfimer,porfimer,135577896
Posaconazole,posaconazole,468595
Pralatrexate,pralatrexate,148121
Pralidoxime chloride,pralidoxime chloride,54072659
Pramipexole dihydrochloride,pramipexole dihydrochloride,119569
Pramlintide,pramlintide,70691388
Prasterone,prasterone,5881
Prednisolone,prednisolone,5755
Procaine,procaine,4914
Prochlorperazine,prochlorperazine,4917
Prochlorperazine edisylate,prochlorperazine edisylate,91499
Promethazine,promethazine,4927
Propagermanium,propagermanium,83030
Propantheline,propantheline,4934
Proparacaine,proparacaine,4935
Propoxyphene napsylate,propoxyphene napsylate,28332
Propylthiouracil,propylthiouracil,657298
Prucalopride,prucalopride,3052762
Pyridostigmine bromide,pyridostigmine bromide,7550
Quinaprilat,quinaprilat,107994
Quinidine gluconate,quinidine gluconate,94328
Quinine dihydrochloride,quinine dihydrochloride,91429
Rabeprazole,rabeprazole,5029
Rabies virus immune globulin (human),rabies virus immune globulin (human),Not Available
Radium ra-223 dichloride,radium ra-223 dichloride,Not Available
Ramelteon,ramelteon,208902
Ramiprilat,ramiprilat,5464096
Rasagiline mesylate,rasagiline,3052775
Raxibacumab,raxibacumab,Not Available
Reboxetine,reboxetine,127151
Refludan,refludan,118856773
Regadenoson,regadenoson,219024
Relugolix,relugolix,10348973
Repaglinide,repaglinide,65981
Rescinnamine,rescinnamine,5280954
Reserpine,reserpine,5770
Retapamulin,retapamulin,6918462
Reteplase,reteplase,Not Available
Revefenacin,revefenacin,11753673
Rho (d) immune globulin,rho (d) immune globulin,Not Available
Rho (d) immune globulin (human),rho (d) immune globulin (human),Not Available
Rifabutin,rifabutin,135398743
Rifapentine,rifapentine,135403821
Rifaximin,rifaximin,6436173
Rilpivirine,rilpivirine,6451164
Rimabotulinumtoxinb,rimabotulinumtoxinb,Not Available
Rimantadine,rimantadine,5071
Rimexolone,rimexolone,5311412
Rimonabant hydrochloride,rimonabant,104849
Riociguat,riociguat,11304743
Ripretinib,ripretinib,71584930
Risdiplam,risdiplam,118513932
Risedronic acid,risedronic acid,5245
Rivastigmine tartrate,rivastigmine tartrate,6918078
Rizatriptan,rizatriptan,5078
Rizatriptan benzoate,rizatriptan benzoate,77997
Rocuronium bromide,rocuronium bromide,441351
Roflumilast,roflumilast,449193
Rolapitant,rolapitant,10311306
Rolitetracycline,rolitetracycline,54682938
Ropivacaine hydrochloride,ropivacaine,175804
Rotigotine,rotigotine,59227
Rucaparib,rucaparib,9931954
Rufinamide,rufinamide,129228
Rupatadine,rupatadine,133017
Sacrosidase,sacrosidase,Not Available
Salicylic acid,salicylic acid,338
Salmeterol,salmeterol,5152
Salmeterol xinafoate,salmeterol xinafoate,56801
Salsalate,salsalate,5161
Samarium,samarium,23951
Samarium sm-153 lexidronam,samarium sm-153 lexidronam,177960
Samarium sm-153 lexidronam pentasodium,samarium sm-153 lexidronam pentasodium,9810246
Sapropterin,sapropterin,135398654
Sapropterin dihydrochloride,sapropterin dihydrochloride,135409471
Saquinavir mesylate,saquinavir,60934
Sargramostim,sargramostim,Not Available
Sebelipase alfa,sebelipase alfa,Not Available
Secobarbital,secobarbital,5193
Secretin,secretin,16129665
Selegiline,selegiline,26757
Selexipag,selexipag,9913767
Selinexor,selinexor,71481097
Semaxanib,semaxanib,5329098
Sildenafil citrate,sildenafil citrate,135413523
Silodosin,silodosin,5312125
Sincalide,sincalide,9833444
Siponimod,siponimod,44599207
Sitaxentan,sitaxentan,216235
Solifenacin,solifenacin,154059
Solifenacin succinate,solifenacin succinate,216457
Solriamfetol,solriamfetol,10130337
Somatropin,somatropin,Not Available
Sonidegib,sonidegib,24775005
Sorbitol,sorbitol,5780
Sparfloxacin,sparfloxacin,60464
Stavudine,stavudine,18283
Styrenesulfonic acid,styrenesulfonic acid,168625
Succimer,succimer,2724354
Succinylcholine chloride,succinylcholine chloride,22475
Sucralfate,sucralfate,121494085
Sufentanil citrate,sufentanil citrate,65494
Sulfamethoxazole,sulfamethoxazole,5329
Sulfisoxazole,sulfisoxazole,5344
Sulfur colloid,sulfur colloid,76957057
Sulfur hexafluoride,sulfur hexafluoride,17358
Sumatriptan succinate,sumatriptan succinate,59772
Sunitinib malate,sunitinib malate,6456015
Suvorexant,suvorexant,24965990
Tacrine hydrochloride,tacrine,2723754
Tacrolimus,tacrolimus,445643
Tafamidis,tafamidis,11001318
Tafluprost,tafluprost,9868491
Talazoparib,talazoparib,135565082
Talc,talc,16211421
Taliglucerase alfa,taliglucerase alfa,Not Available
Tamoxifen citrate,tamoxifen citrate,2733525
Tarazosin,tarazosin,Not Available
Tasimelteon,tasimelteon,10220503
Technescan tc-99m mertiatide,technescan tc-99m mertiatide,Not Available
Technetium,technetium,23957
Technetium tc-99m,technetium tc-99m,26476
Technetium tc-99m fanolesomab,technetium tc-99m fanolesomab,Not Available
Technetium tc-99m sestamibi,technetium tc-99m sestamibi,5384
Tedizolid phosphate,tedizolid,11476460
Teduglutide,teduglutide,16139605
Teduglutide recombinant,teduglutide recombinant,70683012
Tegaserod maleate,tegaserod,135413539
Tegaserode,tegaserode,Not Available
Teichomycin,teichomycin,16129701
Telavancin,telavancin,3081362
Telbivudine,telbivudine,159269
Telotristat ethyl,telotristat ethyl,25181577
Temazepam,temazepam,5391
Temoporfin,temoporfin,60751
Tenofovir disoproxil,tenofovir disoproxil,5481350
Tenoxicam,tenoxicam,54677971
Terazosin,terazosin,5401
Terbinafine,terbinafine,1549008
Terconazole,terconazole,441383
Terfenadine,terfenadine,5405
Teriparatide,teriparatide,16133850
Tesamorelin,tesamorelin,16137828
Testosterone enanthate,testosterone enanthate,9416
Tetrabenazine,tetrabenazine,6018
Tetracycline anion,tetracycline anion,27885548
Sodium tetradecyl sulfate,tetradecyl,23665770
Tetradecyl hydrogen sulfate (ester),tetradecyl hydrogen (ester),8771
Tetraethylenepentamine,tetraethylenepentamine,8197
Tetraferric tricitrate decahydrate,tetraferric tricitrate decahydrate,90478690
Tetrahydrobiopterin,tetrahydrobiopterin,135402045
Tetrahydrozoline hydrochloride,tetrahydrozoline,10648
Tetrakis(1-isocyano-2-methoxy-2-methyl-propane)-copper(i) tetrafluoroborate,tetrakis(1-isocyano-2-methoxy-2-methyl-propane)-copper(i) tetrafluoroborate,92043160
Tetrakis(2-methoxyisobutylisocyanide)copper(i) tetrafluoroborate,tetrakis(2-methoxyisobutylisocyanide)copper(i) tetrafluoroborate,92043160
Tetrasodium;iron(3+);nitroxyl anion;pentacyanide,tetrasodium;iron(3+);nitroxyl anion;pentacyanide,49868142
Tetrofosmin,tetrofosmin,4274
Tetryzoline,tetryzoline,5419
Thallous chloride,thallous chloride,24642
Thallous chloride tl-201,thallous chloride tl-201,72170
Thiabendazole,thiabendazole,5430
Thiamine,thiamine,1130
Thioproperazine,thioproperazine,9429
Thioridazine,thioridazine,5452
Thiotepa,thiotepa,5453
Thiothixene,thiothixene,5454
Thyrotropin alfa,thyrotropin alfa,32281
Thyrotropin releasing hormone,thyrotropin releasing hormone,131841495
Tiagabine,tiagabine,60648
Tiaprofenic acid,tiaprofenic acid,5468
Tibolone,tibolone,444008
Tigecycline,tigecycline,54686904
Tiludronate disodium,tiludronate disodium,60936
Tinidazole,tinidazole,5479
Tinzaparin sodium,tinzaparin,8784
Tiopronin,tiopronin,5483
Tiotropium,tiotropium,5487427
Tiotropium bromide,tiotropium bromide,5487426
Tipranavir,tipranavir,54682461
Tipranavir disodium,tipranavir disodium,163296
Tivozanib,tivozanib,9911830
Tobramycin,tobramycin,36294
Tofacitinib citrate,tofacitinib citrate,10174505
Tolazoline hydrochloride,tolazoline,6048
Tolbutamide,tolbutamide,5505
Tolcapone,tolcapone,4659569
Tolmetin sodium,tolmetin,23665411
Tolterodine,tolterodine,443879
Tolterodine tartrate,tolterodine tartrate,9847786
Toremifene citrate,toremifene citrate,3005572
Torsemide,torsemide,41781
Tositumomab,tositumomab,Not Available
Tramazoline,tramazoline,5524
Trametinib dimethyl sulfoxide,trametinib dimethyl sulfoxide,50992434
Trandolaprilat,trandolaprilat,5464097
Tranylcypromine,tranylcypromine,5530
Travoprost,travoprost,5282226
Tretinoin,tretinoin,444795
Triamcinolone,triamcinolone,31307
Triamcinolone acetonide,triamcinolone acetonide,6436
Triamcinolone diacetate,triamcinolone diacetate,6216
Triamcinolone hexacetonide,triamcinolone hexacetonide,21826
Triamterene hydrochlorothiazide,triamterene hydrochlorothiazide,62940
Trimeprazine tartrate,trimeprazine tartrate,441236
Trimethadione,trimethadione,5576
Trimethoprim,trimethoprim,5578
Triptorelin pamoate,triptorelin pamoate,25074469
Trisequens,trisequens,123634
Tromethamine,tromethamine,6503
Tropicamide,tropicamide,5593
Tropisetron,tropisetron,656665
Trospium,trospium,5284632
Trospium chloride,trospium chloride,5284631
Trovafloxacin,trovafloxacin,62959
Tryptophan,tryptophan,6305
Tuberculin purified protein derivative,tuberculin purified protein derivative,Not Available
Tucatinib,tucatinib,51039094
Ubrogepant,ubrogepant,68748835
Ulipristal,ulipristal,13559279
Umeclidinium,umeclidinium,11519070
Umeclidinium bromide,umeclidinium bromide,11519069
Unoprostone,unoprostone,5311236
Unoprostone isopropyl,unoprostone isopropyl,5282175
Upadacitinib,upadacitinib,58557659
Urofollitropin,urofollitropin,62819
Ursodiol,ursodiol,31401
Valacyclovir hydrochloride,valacyclovir,135398741
Valbenazine,valbenazine,24795069
Valdecoxib,valdecoxib,119607
Valganciclovir,valganciclovir,135413535
Valproate sodium,valproate,16760703
Valproic acid,valproic acid,3121
Valrubicin,valrubicin,454216
Vardenafil,vardenafil,135400189
Varenicline,varenicline,170361
Varenicline tartrate,varenicline tartrate,46783232
Vasopressin tannate,vasopressin tannate,8230
Vecuronium bromide,vecuronium bromide,39764
Velaglucerase alfa,velaglucerase alfa,Not Available
Verdeso,verdeso,12536
Vericiguat,vericiguat,54674461
Vesicare,vesicare,154058
Vibegron,vibegron,44472635
Vigabatrin,vigabatrin,5665
Vilazodone,vilazodone,6918314
Viloxazine,viloxazine,5666
Vinflunine,vinflunine,10629256
Vinorelbine tartrate,vinorelbine tartrate,16051941
Vismodegib,vismodegib,24776445
Voclosporin,voclosporin,6918486
Voltaren,voltaren,5018304
Vorinostat,vorinostat,5311
Vortioxetine,vortioxetine,9966051
Voxelotor,voxelotor,71602803
Water,water,962
Xylometazoline,xylometazoline,5709
Zalcitabine,zalcitabine,24066
Zaleplon,zaleplon,5719
Ziconotide,ziconotide,16135415
Zidovudine,zidovudine,35370
Zileuton,zileuton,60490
Sodium zirconium cyclosilicate,zirconium cyclosilicate,92042806
Zolmitriptan,zolmitriptan,60857
Zolpidem tartrate,zolpidem tartrate,18004026
Zuclopenthixol,zuclopenthixol,5311507
