Drug_Name,PubChem_ID
5-alpha reductase inhibitors,NOT_FOUND
"Abused drugs/substances (illicit-, street drugs - IV/inhaled)",NOT_FOUND
Acebrophylline,176595
Acenocoumarol,54676537
Acepromazine,6077
Acetanilide,904
Acetylcysteine (N-acetylcysteine),NOT_FOUND
Acetylfentanyl,527015
Aconite,NOT_FOUND
Aconitine,245005
Acrylfentanyl,10314851
Acupuncture,NOT_FOUND
Adagrasib,138611145
Adenosine 5'-triphosphate,5957
Adrenaline (epinephrine),NOT_FOUND
Adrenocorticotropic hormone (ACTH),NOT_FOUND
"Adulterants, contaminants, cutting agents",NOT_FOUND
Afloqualone,2040
Ajmaline,6100671
Albuferon (albinterferon),NOT_FOUND
Albumin,NOT_FOUND
Albuterol (see under salbutamol),NOT_FOUND
Alcohol - Ethanol,NOT_FOUND
Alendronate - Alendronic acid,NOT_FOUND
Alginate,91666324
Alglucerase,NOT_FOUND
Alk inhibitors,NOT_FOUND
Alkylating agents,NOT_FOUND
All-transretinoic acid (ATRA),NOT_FOUND
Allergen immunotherapy,NOT_FOUND
"Allergen immunotherapy, sublingual",NOT_FOUND
Almitrine,33887
Almond - Bitter almond,NOT_FOUND
Almonertinib,121280087
Alpha-1 antitrypsin,NOT_FOUND
Alprenolol,2119
Alteplase (rTPA),NOT_FOUND
Aluminum phosphide,16126812
Amatuximab,NOT_FOUND
"Amikacin (inhaled-, liposomal-)",NOT_FOUND
Amino(5)-2-(trifluoromethyl)pyridine,NOT_FOUND
Aminoglycoside antibiotics,NOT_FOUND
Aminopyridine,10439
Aminorex,16630
"Amiodarone, i.v.",NOT_FOUND
Amitraz,36324
Amitriptylline overdose,NOT_FOUND
Amivantanab,NOT_FOUND
Amizepine,158856
Amlodipine poisoning,NOT_FOUND
"Ammonia, anhydrous",222
Amphetamine (and -derivatives),NOT_FOUND
Amphotericin B (infusion),NOT_FOUND
Amrinone - Inamrinone,NOT_FOUND
Amrubicin,3035016
"Amyl-nitrite, butyl-nitrite, isobutyl-nitrite ('Poppers')",NOT_FOUND
Anabolic androgenic steroids,NOT_FOUND
Androgen deprivation therapy (Antiandrogens),NOT_FOUND
"Anesthetic agents (local, topical)",NOT_FOUND
Angiotensin II receptor blockers (ARB) - Sartans,NOT_FOUND
Angiotensin converting enzyme inhibitors (ACEI),NOT_FOUND
Aniline - Aminophenols,NOT_FOUND
"Aniline, p-chloro-",7812
Animal fat (aspirated in children),NOT_FOUND
Anorexigens - Anorectic agents - Appetite suppressants,NOT_FOUND
Antazoline,2200
Anthracyclines,NOT_FOUND
Anthrax vaccination,NOT_FOUND
Anti-CD20 antibody therapy,NOT_FOUND
Anti-TNF drugs/agents,NOT_FOUND
Anti-angiogenesis/-angiogenic agents,NOT_FOUND
Antibiotics,46874763
"Antibiotics, inhaled",NOT_FOUND
"Anticoagulants, direct oral (anti-thrombin, -IIa, -Xa) - NOAC",NOT_FOUND
"Anticoagulants, oral (vitamin K antagonists-VKA)",NOT_FOUND
Anticonvulsants,NOT_FOUND
Antidepressants,NOT_FOUND
Antidotes,NOT_FOUND
Antiemetics,NOT_FOUND
Antiepileptic overdose,NOT_FOUND
Antifreeze,NOT_FOUND
Antihistamines,NOT_FOUND
Antilymphocyte therapies,NOT_FOUND
Antimalarial drugs-Antimalarials,NOT_FOUND
Antimigraine drug,NOT_FOUND
Antiplatelet (-P2Y) agents,NOT_FOUND
Antiplatelet agents: Glycoprotein IIb/IIIa inhibitors,NOT_FOUND
Antipsychotic (second generation),NOT_FOUND
Antithymocyte globulin (ATG-ALG) - Antithymocyte immunoglobulin (ATI),NOT_FOUND
Antithyroid drugs,NOT_FOUND
Antituberculous chemotherapy,NOT_FOUND
Antivenom proteins,NOT_FOUND
Antiviral therapy/agents (direct-acting) against hepatitis C virus,NOT_FOUND
Apatinib,45139106
Apitolisib,25254071
Aprindine,2218
Aprotinin,16130295
Aromatase inhibitors,NOT_FOUND
Arsenic trioxide (As2O3),NOT_FOUND
Artenimol-Piperaquine,NOT_FOUND
Asparaginase,NOT_FOUND
Aspirin (Salicylate-ASA) - Aspirin containing drugs,NOT_FOUND
Asthma medication inhalers/inhalation,NOT_FOUND
Asunaprevir,16076883
Aurothiopropanosulfonate,NOT_FOUND
Avelumab,NOT_FOUND
Awake deep brain stimulation for Parkinson's disease,NOT_FOUND
Ayahuasca,NOT_FOUND
Ayurvedic medication - Ayurveda,NOT_FOUND
Azapropazone,26098
BCG (oral),NOT_FOUND
BCG therapy (topical instillations in the urinary bladder),NOT_FOUND
BCG vaccination,NOT_FOUND
BRAF inhibitors,NOT_FOUND
BRAF/METi combination therapy,NOT_FOUND
Bacitracin,10909430
Baclofen withdrawal,NOT_FOUND
Baking soda,516892
Balloon pulmonary angioplasty,NOT_FOUND
Baralyme cartridges,NOT_FOUND
Barbiturates,NOT_FOUND
Bariatric surgery (status post-),NOT_FOUND
"Barium (baryum, Ba) sulfate contrast agent",NOT_FOUND
Barotrauma,NOT_FOUND
Benfluorex,2318
Benralizumab,NOT_FOUND
Bentazone,2328
Benzalkonium chloride,3014024
Benzalkonium chloride i.v. poisoning,NOT_FOUND
Benzbromarone,2333
Benzocaine (incl. topical),NOT_FOUND
Benzodiazepines,NOT_FOUND
Benzonitrile,7505
Benzylbenzoate,2345
Benzylthiouracil,685814
"Beta-2 agonists, B2 mimetics (parenteral)",NOT_FOUND
Beta-blockers,NOT_FOUND
Beta-lactam antibiotics,NOT_FOUND
Beta2 agonist (inhaled) abuse,NOT_FOUND
Beta2 agonists (inhaled),NOT_FOUND
Betadine,NOT_FOUND
"Bezoars, pharmacobezoars, body packing",NOT_FOUND
Binimetinib (MEK162),10288191
Biologics,NOT_FOUND
Biosimilars,NOT_FOUND
Biphosphonates,NOT_FOUND
Bitter orange,NOT_FOUND
Black stone (para-phenylenediamine),NOT_FOUND
Black tar heroin (BTH),NOT_FOUND
Bleomycin (intrapleural),NOT_FOUND
Blood transfusion,NOT_FOUND
Body packing,NOT_FOUND
Botulinum toxin (BOTOX),NOT_FOUND
Brachyablation (thoracic),NOT_FOUND
Breast implants - Augmentation mammaplasty (w/wo evidence for leakage/rupture),NOT_FOUND
Brentuximab,NOT_FOUND
Brodalumab,NOT_FOUND
Brodifacoum,54680676
"Brodifacoum, inhaled",NOT_FOUND
Bromadiolone,54680085
Bromine,24408
Bromocarbamide,2447
Bronchial thermoplasty,NOT_FOUND
Bronchoalveolar lavage (BAL),NOT_FOUND
Bucillamine,656604
Budesonide (inhaled),NOT_FOUND
Budesonide (p.o.),NOT_FOUND
Buparlisib,16654980
Bupropion overdose,NOT_FOUND
"Bupropion, bupropion poisoning",NOT_FOUND
"Bupropion, inhaled",NOT_FOUND
Busulfan + Melphalan regimen,NOT_FOUND
Butane,7843
"Butanediol (1,4-butanediol)",NOT_FOUND
Butyrfentanyl,621174
CAR T-cell therapy,NOT_FOUND
CDK4/6 inhibitors,NOT_FOUND
COVID19 (SARS-CoV2) vaccination/vaccine,NOT_FOUND
COX2 inhibitors,NOT_FOUND
CPAP device (Philips Respironics),NOT_FOUND
CPAP equipment/use,NOT_FOUND
CTLA4 blocking immunotherapy,NOT_FOUND
Calcineurin inhibitors,NOT_FOUND
Calcium channel blockers,NOT_FOUND
Calcium replacement therapy,NOT_FOUND
Camostat mesilate,5284360
Camphor,2537
Camrelizumab,NOT_FOUND
"Cannabinoids - Cannabinoid receptor agonists (synthetic) (K2, Spice)",NOT_FOUND
Cannabis forced inhalation via a 'Bucket Bong',NOT_FOUND
"Cannabis oil, paste, resin-H oil-Cannabidiol (inhaled)",NOT_FOUND
Carbamates,276
Carbapenems,134085
Carbocysteine,193653
Carbon dioxide (CO2),NOT_FOUND
Carbon monoxide (CO),NOT_FOUND
Carbonic anhydrase inhibitors,NOT_FOUND
Carboxymethylcellulose (topical),NOT_FOUND
Cardiopulmonary resuscitation (CPR),NOT_FOUND
Cardioversion (electrical),NOT_FOUND
Carfentanyl (carboxymethoxyfentanyl),NOT_FOUND
Carmustine (BCNU),NOT_FOUND
Carrelizumab,NOT_FOUND
Cartap hydrochloride,30913
Catheter ablation for atrial fibrillation,NOT_FOUND
Catheter coating,NOT_FOUND
"Cathinones, synthetic ('Bath salts')",NOT_FOUND
Caustic chemicals,NOT_FOUND
Cefipime,NOT_FOUND
Cefodroxil monohydrate,NOT_FOUND
Cefotetan,53025
Cefotiam,43708
Cefradoxil,NOT_FOUND
Ceftaroline,9852981
"Cement (bone cement, kyphoplasty, vertebroplasty)",NOT_FOUND
Cemiplimab,NOT_FOUND
Cephalosporin(s),NOT_FOUND
Certolizumab,128919
Cetacaine,131750190
"Charcoal, activated (aspirated)",NOT_FOUND
Checkpoint inhibitors,NOT_FOUND
Chemical abortion,NOT_FOUND
Chemical weapons,NOT_FOUND
Chemicals,NOT_FOUND
Chemoradiotherapy (antineoplastic),NOT_FOUND
Chemotherapy against breast cancer (see under specific drugs),NOT_FOUND
"Chemotherapy, antineoplastic",NOT_FOUND
"Chemotheray (Hyperthermic, intraperitoneal)",NOT_FOUND
Chlorates,104770
Chlorhexidine-coated catheter(ization),NOT_FOUND
Chlorine gas (dichlorine: Cl2),NOT_FOUND
Chlorozotocin (DCNU),NOT_FOUND
Chlorpropamide,2727
Cibenzoline,2747
"Cidofovir, nebulized",NOT_FOUND
Cinnabar,62402
"Cinnamon (dry, inhaled: the 'cinnamon challenge')",NOT_FOUND
Cisplatin (endobronchial/intratumoral),NOT_FOUND
Citrate anticoagulant,NOT_FOUND
Citric acid (in dialysis machine fluid),NOT_FOUND
Clazosentan,6433095
Clenbuterol,2783
Clofazimine,2794
Clofibrate,2796
Clomifen,2800
Clove cigarettes,NOT_FOUND
Clove oil,NOT_FOUND
Cobalt (from arthroplasty),NOT_FOUND
Cobimertinib,NOT_FOUND
"Cocaine, levamisole-tainted",NOT_FOUND
"Cocaine, tainted",NOT_FOUND
Coils (airway coil for lung volume reduction),NOT_FOUND
"Colistin, inhaled",NOT_FOUND
Colistin-Colimycin,NOT_FOUND
Collapse therapy,NOT_FOUND
Colloids,NOT_FOUND
Colony stimulating factors,NOT_FOUND
Combination of anticoagulant and antiplatelet drugs,NOT_FOUND
Complementary & altrnative medicine,NOT_FOUND
Conestat alpha,NOT_FOUND
Contraceptive drugs or pills (oral),NOT_FOUND
Copper sulfate (blue vitriol),NOT_FOUND
"Corticosteroids, inhaled (ICS)",NOT_FOUND
"Corticosteroids, systemic (oral, parenteral)",NOT_FOUND
Cosmetic talc,26924
Cosmetic/plastic surgery,NOT_FOUND
Coumadin,54678486
Crack cocaine,446220
Craniospinal irradiation,NOT_FOUND
Creatine supplements,NOT_FOUND
Cremophor,NOT_FOUND
Cresol (methylphenol),NOT_FOUND
Crospovidone,NOT_FOUND
Crushed tablets -pills (deliberate i.v. injection of),NOT_FOUND
Cryobiopsy (transbronchial pulmonary-; TBLB TBLCB),NOT_FOUND
Cryoprecipitate therapy,NOT_FOUND
Crystalloids,NOT_FOUND
Curares,NOT_FOUND
Cyanide,5975
Cyanoacrylate (N-butyl-2-cyanoacrylate-Histoacryl),NOT_FOUND
Cyberknife ablation radiation therapy,NOT_FOUND
Cyclodextrin,320760
Cyclophosphamide (i.v infusional),NOT_FOUND
Cyclopropylfentanyl,137332271
Cytosine arabinoside - Aracytine - Cytarabine - Ara-C,NOT_FOUND
DMARDs (disease-modifying antirheumatic drugs),NOT_FOUND
Dabrafenib-Trametinib combination therapy (BRAFi),NOT_FOUND
Daclatasvir,25154714
Dapsone (diaminophenylsulfone),NOT_FOUND
Darbepoetin,NOT_FOUND
Datopotamab deruxtecan,NOT_FOUND
Delphinium plant,NOT_FOUND
Demcizumab,NOT_FOUND
Dendritic cell vaccination,NOT_FOUND
Dental procedure,NOT_FOUND
Dermal fillers,NOT_FOUND
Designer drugs,NOT_FOUND
Dexfenfluramine,66265
"Diacetyl (2,3-butanedione) flavoring agent",NOT_FOUND
Diacetylmorphine,5462328
Diatrizoic acid (gastrografin),NOT_FOUND
Dibenzepin,9419
Dicoumarol,54676038
Diethylene glycol,8117
Difenacoum,54676884
Difluoroethane,6368
Digitalis,NOT_FOUND
Dihydralazine,10230
Dihydroergocristine,107715
Dihydroergocryptine,114948
Dihydropyridine,407038
Dimethylaminoethanol,7902
Dimethylsulfoxide (DMSO),NOT_FOUND
"Dinitrophenol (2, 4-dinitrophenol or DNP)",NOT_FOUND
Dipeptidyl peptidase-4 inhibitors,NOT_FOUND
Dipyrone,522325
Diquat,6795
Disinfectants (humidifier disinfectants used in the home or occupational setting),NOT_FOUND
Distigmine,3116
Divalproate (sodium),NOT_FOUND
Docetaxel-Gemcitabine,NOT_FOUND
Dopamine agonists,NOT_FOUND
Dostarlimab,NOT_FOUND
Dovitinib,135398510
Doxorubicin (pegylated-liposomal),NOT_FOUND
Doxorubicin - Adriamycin,NOT_FOUND
"Doxorubicin, inhaled/aerosolized",NOT_FOUND
Doxylam (AH-7921),NOT_FOUND
Drug overdose,NOT_FOUND
"Drug- (e.g. everolimus, paclitaxel) eluting stents",NOT_FOUND
Drugs purchased on e-shops or on the Internet,NOT_FOUND
Dry needling,NOT_FOUND
Dual antiplatelet therapy,NOT_FOUND
Dupilumab,NOT_FOUND
Durvalumab,NOT_FOUND
Dyes,NOT_FOUND
E-cigarette - E-vaporizers - ENDS - Vaping - Dabbing,NOT_FOUND
"E-cigarette's, e-vaporizer's secondhand vapor (Passive vaping)",NOT_FOUND
E-liquid,NOT_FOUND
ECMO,NOT_FOUND
EMLA cream (lidocaine/prilocaine),NOT_FOUND
Ecromeximab,NOT_FOUND
Ecstasy (MDMA),NOT_FOUND
Electric shock,NOT_FOUND
Electroconvulsive therapy,NOT_FOUND
Electromyography,NOT_FOUND
Electrophysiologic procedures,NOT_FOUND
Elinogrel,16066663
Elosulfase A,NOT_FOUND
Elotuzumab,NOT_FOUND
Encorafenib (LGX818),50922675
Endobronchial ultrasound (EBUS) guided biopsy,NOT_FOUND
Endoscopic/endobronchial valve therapy for emphysema,NOT_FOUND
Energy drinks,NOT_FOUND
Enfortumab vedotin,NOT_FOUND
Entospletinib,59473233
Enzyme replacement therapy,NOT_FOUND
Ephedra,NOT_FOUND
Epipodophyllotoxins,NOT_FOUND
Epsom salt,24843
Eptinezumab,NOT_FOUND
ErbB2 inhibitors,NOT_FOUND
Ergometrine,443884
"Ergots, ergot alkaloids, ergolines",NOT_FOUND
Erythritol,222285
Erythropoietin (EPO),NOT_FOUND
Esatenolol,175540
Etanercept biosimilar,NOT_FOUND
Ethanol (anhydrous),NOT_FOUND
"Ethanol (ethyl alcohol, 'alcohol')",NOT_FOUND
Ethanol (i.v.),NOT_FOUND
Ethchlorvynol,5281077
Ethylene glycol,174
Ethylene glycol butyl ether,8133
Ethylene-vinyl alcohol copolymer (e.g. Onyx (R)),NOT_FOUND
Ethylphenidate,3080846
Etretinate,5282375
Eucalyptus,NOT_FOUND
"Excipients, erroneously/deliberately administered i.v.",NOT_FOUND
Excipients-Vehicle-Preservatives (of drugs),NOT_FOUND
Extubation (recent),NOT_FOUND
FOLFIRI chemotherapy regimen,NOT_FOUND
FOLFOX chemotherapy regimen,NOT_FOUND
Face lotion,NOT_FOUND
Factor IX,NOT_FOUND
Factor VIIIa,NOT_FOUND
Factor VIIa,NOT_FOUND
Fam-trastuzumab deruxtecan-nxki,NOT_FOUND
Fampridine,1727
Fanolesomab-99mTc,NOT_FOUND
Favipiravir,492405
Febarbamate,25803
Fecal microbiota transplant,NOT_FOUND
Fenbufen,3335
Fenfluramine-Phentermine (FenPhen),NOT_FOUND
Fenoterol,3343
"Fentanyl (smoked, snorted, insufflated, inhaled)",NOT_FOUND
Fentanyl (topical),NOT_FOUND
Fentanyl analogs/derivatives/substituted,NOT_FOUND
Fiberoptic bronchoscopy,NOT_FOUND
Fibrin glue,NOT_FOUND
Fibrinolytic agents (intrapleural),NOT_FOUND
Filgotinib,49831257
Flavocoxid,75905632
Flavopiridol,5287969
Flavoring agents,NOT_FOUND
Flecaine,3356
"Fluids, i.v.",NOT_FOUND
Fluindione,68942
Fluoroamphetamine,NOT_FOUND
Fluorodeoxyglucose,53716604
Fluoropyrimidines,NOT_FOUND
Fluoroquinolones,NOT_FOUND
Fluorouracil (5-FU),NOT_FOUND
Flupentixol,5281881
Fluticasone (inhaled - ICS),NOT_FOUND
Fluxocacillin,NOT_FOUND
Folinic acid,135403648
Folk remedies,NOT_FOUND
Food - Food products - Food additives,NOT_FOUND
Forceful inspiration against a closed glottis or airway,NOT_FOUND
Formic acid,284
Freon (inhaled),NOT_FOUND
Fresh frozen plasma,NOT_FOUND
Fucidic acid,3000226
Fumaric acid ester,NOT_FOUND
Furazidin,6870646
Furazolidone,5323714
G/GM-CSF,NOT_FOUND
GLP-1 receptor antagonists (GLP-1RA),NOT_FOUND
Gadolinium-based MRI contrast media,NOT_FOUND
Gamma butyrolactone (GBL),NOT_FOUND
Gamma-hydroxy butyrate (GABA),NOT_FOUND
Gases,NOT_FOUND
"Gasoline (inhaled, i.v.)",NOT_FOUND
Gastric banding,NOT_FOUND
Gastric bypass (e.g. Roux-en-Y),NOT_FOUND
Gatoteridol,NOT_FOUND
Gelatin,NOT_FOUND
Gemtuzumab,NOT_FOUND
General anesthesia,NOT_FOUND
Generic drugs,NOT_FOUND
Ghee,NOT_FOUND
Glafenine,3474
Glasdegib,25166913
Glibenclamide,3488
Gliptins,NOT_FOUND
Glitazones,NOT_FOUND
Glucagon,16132283
Glue (biological),NOT_FOUND
Glue sniffing,NOT_FOUND
Glycopeptide antibiotics,NOT_FOUND
Glyphosate,3496
GnRH,16132914
Gold (chrysotherapy),NOT_FOUND
Gonadotropin,NOT_FOUND
Gonadotropin-releasing hormone (GhRH) /analogs,NOT_FOUND
Gossypiboma,NOT_FOUND
Guanfacine overdose,NOT_FOUND
Guselkumab,NOT_FOUND
HIPEC,NOT_FOUND
HPV4 vaccine,NOT_FOUND
Hairspray,NOT_FOUND
Halogens,NOT_FOUND
Hand sanitizer (fluid),NOT_FOUND
Hash oil (Butane hash oil - BHO) - Dabbing,NOT_FOUND
Heat-not-burn cigarettes,NOT_FOUND
Hemodialysis - Chronic renal replacement therapy,NOT_FOUND
"Hemotherapy (transfusion/infusion of whole blood, red cells, platelets, or blood products)",NOT_FOUND
"Heparin, low-m.w.",NOT_FOUND
Hepatitis B vaccination,NOT_FOUND
Herbal extracts (via injection),NOT_FOUND
"Herbals (fumigated, inhaled)",NOT_FOUND
Herbals - Dietary botanical therapy - Health products/food - Plants,NOT_FOUND
Herbicides,NOT_FOUND
"Heroin (inhaled, insufflated, snorted)",NOT_FOUND
Heroin (intravenous),NOT_FOUND
Heroin (oral),NOT_FOUND
Heroin (smoked),NOT_FOUND
Hexamethonium,3604
Hexamethylmelamine,2123
Hexaprenaline,NOT_FOUND
Highly active antiretroviral therapy - HAART,NOT_FOUND
Hirudin,72941487
Holmium 166 radioembolization,NOT_FOUND
Hookah smoking,NOT_FOUND
Hormone replacement therapy,NOT_FOUND
Household/cleansing agents,NOT_FOUND
Human umbilical cord blood transplantation,NOT_FOUND
Hyaluronate - Hyaluronic acid,NOT_FOUND
"Hyaluronate-Hyaluronic acid, topical",NOT_FOUND
Hyaluronic acid (inhaled),NOT_FOUND
Hyaluronic acid inhection for laryngoplasty),NOT_FOUND
Hydantoin,10006
Hydrocarbons (oil or oils). Inhaled-aspirated,NOT_FOUND
"Hydrocarbons (petrochemicals: petroleum, petrolatum, paraffin, vaseline, naphta, jet fuel (kerosene), Diesel, gasoil), ointments, salad oil, variegated oils, butter). Aspirated",NOT_FOUND
Hydrochloric acid fumes,NOT_FOUND
Hydrocodone (snorted),NOT_FOUND
Hydrofluoric acid (inhaled),NOT_FOUND
Hydrogen sulfide,402
Hydroxycobalamin,16056828
Hydroxycut,NOT_FOUND
Hydroxyethyl starch,NOT_FOUND
Hydroxylamine sulfate,24846
Hydroxyquinoline,NOT_FOUND
Hydroxyurea (hydroxycarbamide),NOT_FOUND
Hyperalimentation,NOT_FOUND
Hypertonic saline (NaCl),NOT_FOUND
Hypertonic sodium phosphate enema,NOT_FOUND
Hypochlorous acid - Bleach,NOT_FOUND
IVDU - IVDA,NOT_FOUND
Ibogaine,197060
Ibritumomab tiuxetan (90Y),NOT_FOUND
Icotinib,22024915
Ifenprodil,3689
Iguratimod,124246
Imidacloprid,86287518
Imidapril,5464343
Imipenem-cilastatin,17756656
Immune checkpoint inhibitors (ICI) - ICI combinatorial Rx,NOT_FOUND
"Immunoglobulins, intravenous (IVIG)",NOT_FOUND
Immunosuppressive drugs/regimens,NOT_FOUND
Immunotoxins,NOT_FOUND
Incense (smoked),NOT_FOUND
Indigo,10215
Indigo-indirubin,NOT_FOUND
Inflammatory bowel disease modifying drugs,NOT_FOUND
Inflectra,NOT_FOUND
Infliximab biosimilar,NOT_FOUND
Influenza vaccine,NOT_FOUND
Inhalants (volatile substances),NOT_FOUND
Inhaled anesthetic agents,NOT_FOUND
Insecticides - Insect repellents,NOT_FOUND
Insulin,70678557
Insulin (inhaled -technospheres),NOT_FOUND
Interferon alpha/beta,NOT_FOUND
Interferon beta1a (inhaled),NOT_FOUND
Interferon gamma,NOT_FOUND
Interleukin 2 (IL2),NOT_FOUND
Intrapleural drug delivery,NOT_FOUND
"Iodine, radioactive (131I)",NOT_FOUND
"Iodine-, iodide fumes",NOT_FOUND
Ipecac,NOT_FOUND
Irofulven,148189
Iron pill (aspirated),NOT_FOUND
Iron-dextran,105075
Isocyanates,105034
Isoniazid - INH,NOT_FOUND
Isopropanol (isopropyl alcohol - IPA),NOT_FOUND
Isopropylantipyrine,3778
Isosulfan blue,50108
Ispaghula,NOT_FOUND
Itolizumab,NOT_FOUND
JAK inhibitors,NOT_FOUND
Kayexalate,NOT_FOUND
Kerdane,NOT_FOUND
Khat leave chewing,NOT_FOUND
Kratom (Mitragynine),NOT_FOUND
LCZ696,71300864
Lactase,NOT_FOUND
Lactose (inhaled),NOT_FOUND
Lambrolizumab,166078561
Landiolol,114905
Laninamivir,502272
Latex,NOT_FOUND
Laundry detergent pods,NOT_FOUND
Laxatives - Cathartics,NOT_FOUND
Lead,5352425
Ledipasvir,67505836
Ledipasvir/Sofosbuvir,NOT_FOUND
"Left behind gauze, sponge, canvas, fabric (at surgery)",NOT_FOUND
Legal highs,NOT_FOUND
Lepirudin,118856773
Leukotriene receptor antagonists (LTRA),NOT_FOUND
Leuprorelin - Leuprolide,NOT_FOUND
Levamisole,26879
Levamisole-adulterated/tainted cocaine,NOT_FOUND
Levodopa (l-DOPA),NOT_FOUND
Levofolinate,135398559
Levomepromazine,72287
Licorice,NOT_FOUND
"Lidocaine (lignocaine, xylocaine)",NOT_FOUND
Lidocaine (topical),NOT_FOUND
Lipid-lowering drugs,NOT_FOUND
Lipids (parenteral),NOT_FOUND
Lipiodol - Iodinated/iodized oil (RCM),NOT_FOUND
Liposuction,NOT_FOUND
Lipstick,NOT_FOUND
Liquorice,NOT_FOUND
"Lithium, lithium poisoning",NOT_FOUND
Lithotrypsy,NOT_FOUND
Lomustine (CCNU),NOT_FOUND
Loxoprofen,3965
Lubricant mineral oil (orally),NOT_FOUND
Lutetium 177 (177Lu vipivotide tetraxetan),NOT_FOUND
Lymphocyte (donor) infusion,NOT_FOUND
Lymphography,NOT_FOUND
MDMA (see under ecstasy),NOT_FOUND
MT-45,431865
MTOR inhibitors,NOT_FOUND
Macro-aggregated albumin (& 99Tc tagged),NOT_FOUND
Magnesium-containing drugs,NOT_FOUND
Malachite green,11294
Malaria prophylaxis,NOT_FOUND
Malathion,4004
Mammaplasty,NOT_FOUND
Manidipine,4008
"Marijuana (haschish), synthetic",NOT_FOUND
"Marijuana, cannabis (haschish, hash, bang, dab)",NOT_FOUND
Masitinib,10074640
Matuzumab,NOT_FOUND
Mavrilimumab,NOT_FOUND
Mazindol,4020
Mechanical ventilation (invasive),NOT_FOUND
Mechanical ventilation (noninvasive),NOT_FOUND
Menthol - Mentholine,NOT_FOUND
Menthol cigarette,NOT_FOUND
Meperfluthrin,56841697
Mephedrone,45266826
Mephenesin,4059
Mephenidate (Methylphenidate),NOT_FOUND
Mercaptopurine (6-mercaptopurine),NOT_FOUND
"Mercury (Hg) (fluid, metallic, elemental) i.v., i.m.",NOT_FOUND
"Mercury (fluid), p.o.",NOT_FOUND
Mercury fumes/vapor,NOT_FOUND
Mercury salts,NOT_FOUND
Mesalamine (see under mesalazine),NOT_FOUND
Mesalazine-Mesalamine-5-aminosalicylic acid-5-ASA,NOT_FOUND
Mesulergine,68848
Metaflumizone,11614934
Metals (heavy-),NOT_FOUND
Metamizole,3111
Metapramine,65700
Metaraminol,5906
Methacrylate - Methylmethacrylate,NOT_FOUND
"Methadone, inhaled",NOT_FOUND
"Methamphetamine, smoked",NOT_FOUND
Methanol (inhaled),NOT_FOUND
"Methanol (oral, topical/dermal, systemic)",NOT_FOUND
Methaqualone,6292
Methemoglobinemia-inducing drugs,NOT_FOUND
Methenolone,3037705
Methergine,5281072
Methoxetamine,52911279
Methyl bromide,6323
Methyl chloride,6327
Methylene chloride,6344
Methylenedioxymethamphetamine,1615
Methylergometrine,8226
Methylglyoxal,880
Methylisothiazolinone (inhaled),NOT_FOUND
Methylone,45789647
Methylprednisolone pulse therapy,NOT_FOUND
Microspheres,NOT_FOUND
Microtubule inhibitors,NOT_FOUND
"Minocycline (topical, transdermal)",NOT_FOUND
Miriplatin,9832045
Mitomycin (intracavitary in the urinary bladder),NOT_FOUND
Mitomycin C,5746
Mitragynine,3034396
Mogamulizumab,NOT_FOUND
Monooctanoin,3033877
"Morphine, intrathecal",NOT_FOUND
Mothballs,931
Moxalactam,47499
Moxetumomab pasudotox,NOT_FOUND
Moxidectin,9832912
"Muromonab-CD3 (OKT3, orthoclone)",NOT_FOUND
Mushrooms - Mushroom poisoning,NOT_FOUND
Nafamostat mesylate,5311180
Nafazoline,4436
Naftidrofuryl,4417
Nail polish,NOT_FOUND
Nail polish remover,NOT_FOUND
Naphtalene (can be present in mothballs),NOT_FOUND
Napthalene,931
Narcotics,NOT_FOUND
Nasal decongestants,NOT_FOUND
Nedaplatin,9796440
Neocarzinostatin,57125363
Neonicotinoid insecticides,NOT_FOUND
Neprilysin,NOT_FOUND
Neritinib,NOT_FOUND
Nerve agents,NOT_FOUND
Neuroleptics - Antipsychotics,NOT_FOUND
Neuromuscular blocking agents (NMBA-NMBD),NOT_FOUND
Nicergoline,34040
Niflumic acid,4488
Nimesulide,4495
Nimotuzumab,NOT_FOUND
Niridazol,6093
Nitric acid fumes,NOT_FOUND
Nitric oxide (NO),NOT_FOUND
Nitrites - Nitrates (oral - inhaled ('Poppers')),NOT_FOUND
Nitrobenzene,7416
Nitrogen mustard,4033
"Nitrosoureas (suffixes '-NU', '-mustine')",NOT_FOUND
Nitrous oxide (N2O),NOT_FOUND
Nomifensine,4528
Nonsteroidal anti-inflammatory drugs (NSAIDs),NOT_FOUND
Noramidopyrine,10618
Normal saline (9/1000 NaCl),NOT_FOUND
Nupercaine,3025
Obatoclax,11404337
Obinutuzumab,NOT_FOUND
Oblimersen,NOT_FOUND
Ocrelizumab,NOT_FOUND
Octenidine mouthwash solution,NOT_FOUND
Odansetron,NOT_FOUND
Oil - Paraffin - Lipids (i.v.),NOT_FOUND
Oil-/lipid-based formulations (parenteral),NOT_FOUND
Okrelizumab,NOT_FOUND
Oleander leaf extract,NOT_FOUND
Olive oil,NOT_FOUND
Omapatrilat,656629
Ombitasvir,54767916
Onartuzumab,NOT_FOUND
Opiates - Opioids - Opium,NOT_FOUND
Opioids (synthetic),NOT_FOUND
Opium,NOT_FOUND
Organic dust,NOT_FOUND
Organomercurials (Methyl- ethyl-mercury),NOT_FOUND
Organophosphates,NOT_FOUND
Ornipressin,14257660
Osmotherapy,NOT_FOUND
Ovarian stimulation,NOT_FOUND
Oxaliplatin-based regimens,NOT_FOUND
Oxetorone,36846
"Oxygen (dioxygen, O2)",NOT_FOUND
"Oxygen, hyperbaric (HBO/HBO2)",NOT_FOUND
P2Y12 antiplatelet therapy,NOT_FOUND
PARP inhibitors,NOT_FOUND
PD-1/PD-L1-inhibitors or blocking agents/drugs,NOT_FOUND
Pacemaker leads - Implantable cardiac devices,NOT_FOUND
Palytoxin (a potent zoanthid marine coral toxin),NOT_FOUND
Pamidronate,4674
Pancuronium,441289
Panobinostat,6918837
Papaver rhoeas,NOT_FOUND
Para (4) methyl-aminorex,NOT_FOUND
Para-aminosalicylic acid (PAS),NOT_FOUND
Para-dichlorobenzene,4685
Paracetamol - Acetaminophen,NOT_FOUND
Paraffin (aspirated),NOT_FOUND
Paraffin-Vaseline-Oil-Lipids (Mineral or other) p.o./inhaled/aspirated,NOT_FOUND
Paraldehyde,31264
Paramethoxymethamphetamine,90766
Paraphenylenediamine (hair dye),NOT_FOUND
Paraquat,15939
Parathion,991
Parenteral nutrition,NOT_FOUND
Paritaprevir,45110509
Patent blue,77074
Patritumab deruxtecan,NOT_FOUND
Pedelizumab,NOT_FOUND
Pegylated interferon,NOT_FOUND
Penicillins,2349
Penpulimab,NOT_FOUND
Pentoxifyllin,4740
Pentraxin 2 (rHu),NOT_FOUND
Pepleomycin,6852373
Peplomycin,6852373
Pepper spray,NOT_FOUND
Peppermint oil,NOT_FOUND
Perfluorocarbon (for liquid ventilation),NOT_FOUND
Perhexiline,4746
Peritoneal dialysis,NOT_FOUND
Permethrin,40326
Pesticides,NOT_FOUND
Pethidine,4058
Phenacetin,4754
Phenazopyridine,4756
Phenformin,8249
Phenothiazines,NOT_FOUND
Phenprocoumon,54680692
Phenytoin (diphenylhydantoin),NOT_FOUND
Pholcodine,5311356
Phosgene (carbonyl chloride),NOT_FOUND
Phosphine (H3P),NOT_FOUND
"Phosphorus, white (fumes)",NOT_FOUND
Phytonadione (Vitamin K1),NOT_FOUND
Pidilizumab,NOT_FOUND
Pill (aspirated),NOT_FOUND
Pills - Tablets,NOT_FOUND
Pine oil,NOT_FOUND
Piperacilline,43672
Piperazine,4837
Piritrexim,54369
Pitressin,644077
Pituitary snuff,NOT_FOUND
Placebos,NOT_FOUND
"Plants, flowers, leaves",NOT_FOUND
Plasma,NOT_FOUND
Platelet transfusion,NOT_FOUND
Platinum salts,NOT_FOUND
Poison hemlock,NOT_FOUND
Polatuzumab vedotin,NOT_FOUND
Polyacrylamide hydrogel,NOT_FOUND
Polyalkylimide dermal filler(s),NOT_FOUND
Polyethylene glycol (PEG),NOT_FOUND
Polymyxin,NOT_FOUND
Polypill,NOT_FOUND
Poppy (Papaverum somniferum - Poppy seeds,NOT_FOUND
Potassium permanganate,516875
Povidone - Povidone iodine,NOT_FOUND
Poziotinib,25127713
Practolol,4883
Pranlukast,4887
Pranoprofen,4888
Preservatives,NOT_FOUND
Primaquine,4908
Prinomastat,466151
Pristane,15979
Probiotics,NOT_FOUND
Propane,6334
Propanil,4933
Propanol,1031
Propitocaine,4906
Propolis,NOT_FOUND
Propylhexedrine,7558
Propyliodone,4949
Propylthiouracil (PTU),NOT_FOUND
Prostacyclin,5282411
Prostaglandin E1,5280723
Prostaglandin F2-alpha,5280363
Prostaglandins,NOT_FOUND
Prostaglandins (inhaled),NOT_FOUND
Prostodin,NOT_FOUND
Proteasome inhibitors,NOT_FOUND
Prothrombin complex concentrate (PCC),NOT_FOUND
Proton beam therapy,NOT_FOUND
Proton pump inhibitors (PPI),NOT_FOUND
Psychotropic drugs,NOT_FOUND
Psyllium,181572
Pulmonary function testing (PFT),NOT_FOUND
Pulmonary hypertension therapy,NOT_FOUND
Pulmonary vasodilator therapy,NOT_FOUND
Pyrethroid insecticides,NOT_FOUND
Pyribenzamine,44370233
Pyrimethamine-dapsone,NOT_FOUND
Pyrimethamine-sulfadoxine,65404
Quetiapine overdose,NOT_FOUND
Quinolones,6038
Rabacfosadine,16047979
Rachacha (so-called),NOT_FOUND
Radiation therapy (early effects),NOT_FOUND
Radiation therapy (endobronchial brachytherapy),NOT_FOUND
Radiation therapy (medium term & late effects),NOT_FOUND
Radiation therapy (total body),NOT_FOUND
Radiation therapy to the breast,NOT_FOUND
Radiation therapy to the chest,NOT_FOUND
"Radiation therapy, infusional (injected 131I or 90Y radioactivity)",NOT_FOUND
"Radiation therapy, mantle-field-",NOT_FOUND
"Radiation therapy, stereotactic (SBRT)",NOT_FOUND
Radiation therapy: carbon ion,NOT_FOUND
Radioactive seeds,NOT_FOUND
Radiocontrast media (RCM),NOT_FOUND
Radiofrequency pulmonary ablation,NOT_FOUND
Radioiodine,167195
Radiopharmaceuticals,NOT_FOUND
Ranimustine,71741
Rapacuronium,5311399
Realgar - Realgar therapy,NOT_FOUND
Recreational drugs,NOT_FOUND
Resins (p.o.),NOT_FOUND
"Resorcinol (1, 3 benzenediol) (topical/systemic)",NOT_FOUND
Ricin (Castor oil),NOT_FOUND
Ridaforolimus,11520894
Rifamycin SV,6324616
Riot control agents (RCA),NOT_FOUND
Ritodrine,33572
Rituximab-CHOP regimen (R-CHOP),NOT_FOUND
Rociletinib,57335384
Rodenticides,NOT_FOUND
Rofosbuvir,NOT_FOUND
Romiplostim,NOT_FOUND
Rovalpituzumab,NOT_FOUND
Ruxolitinib dicontinuation/withdrawal,NOT_FOUND
SAR260301,135565159
SGN-30,NOT_FOUND
Sacituzumab (govitecan),NOT_FOUND
Sacubitril,9811834
Salbutamol (i.v.),NOT_FOUND
Salbutamol - Albuterol,NOT_FOUND
Salt (NaCl),NOT_FOUND
Salt pipe,NOT_FOUND
Sauropus androgynus,NOT_FOUND
Secondhand/Side stream tobacco smoke - Passive smoking,NOT_FOUND
Sedatives,NOT_FOUND
Selective serotonin reuptake inhibitors (SSRI)- Serotonergic drugs,NOT_FOUND
Self-injection of drugs/substances,NOT_FOUND
Semaglutide,56843331
Semustine (methyl-CCNU),NOT_FOUND
Serrapeptase,171666295
Sesame oil,NOT_FOUND
Shark oil,NOT_FOUND
Shisha smoking,NOT_FOUND
"Silica, crystalline",NOT_FOUND
"Silicone, fluid",NOT_FOUND
Silver nitrate,24470
Sintilimab,NOT_FOUND
Skin Popping,NOT_FOUND
Smoke bomb,NOT_FOUND
Snake envenoming,NOT_FOUND
"Sniffed drugs (opioids, acetaminophen)",NOT_FOUND
Sodium nitrite (NaNO2),NOT_FOUND
Solvent/detergent plasma,NOT_FOUND
Soy sauce,NOT_FOUND
Soybean,NOT_FOUND
Space OAR(R) hydrogel,NOT_FOUND
Spinal manipulative therapy,NOT_FOUND
Spirogermanium,39075
Statins,NOT_FOUND
Status post-autologous bone marrow transplantation,NOT_FOUND
Status post-coronary artery bypass graft (CABG),NOT_FOUND
Status post-hematopoietic stem cell (HSCT) or bone marrow transplantation (BMT),NOT_FOUND
Status post-kidney transplantation,NOT_FOUND
Status post-liver transplantation,NOT_FOUND
Status post-lung transplantation,NOT_FOUND
Status post-solid organ transplantation,NOT_FOUND
Status post-thoracic/cardiovascular surgery,NOT_FOUND
Stem cell infusion/transplantation,NOT_FOUND
"Stimulants, psychostimulants, psychoactive substances",NOT_FOUND
Strychnine,441071
Sucralfate (inhaled or aspirated),NOT_FOUND
Sudan red dye,NOT_FOUND
Sulfa drugs,NOT_FOUND
Sulfacetamide,5320
Sulfadiazine,5215
Sulfadoxine,17134
Sulfamethoxypyridazine,5330
Sulfamides - Sulfonamides,NOT_FOUND
Sulfanilamide,5333
Sulfites,1099
Sulfoxone,5351
Sulfur mustard (mustard gas),NOT_FOUND
Sulprostone,5312153
Sulthiame,5356
Sunko (smokeless) tobacco,NOT_FOUND
Superwarfarins (vitamin K super antagonist rodenticides),NOT_FOUND
Surfactant,NOT_FOUND
Surgical adhesives,NOT_FOUND
Surgical lung biopsy,NOT_FOUND
Suxamethonium,5314
Synephrine,7172
Synthol,7043
T cell therapy,NOT_FOUND
TAS-102,NOT_FOUND
TGN1412,NOT_FOUND
TNF-alpha,44356648
TNF-alpha antagonists / inhibitors,NOT_FOUND
Tacholiquine,NOT_FOUND
Tacrolimus (FK506),445643
Tafenoquine,115358
"Talc (inhaled, sniffed, i.v., intrapleural)",NOT_FOUND
Tallysomycin,NOT_FOUND
Tarlatanab,NOT_FOUND
Taxanes,78384800
Tazobactam,123630
Tear gas,10757
Tegafur-uracil,104747
Teicoplanin,133065662
Telisotuzumab vedotin,NOT_FOUND
Tenidap,60712
Terbutaline (parenteral),NOT_FOUND
Terrorism and bioterrorism agents,NOT_FOUND
Testolone,44200882
Tetanus antitoxin,NOT_FOUND
Tetanus vaccination,NOT_FOUND
Tetrachloroethylene - Perchlorethylene (C2Cl4),NOT_FOUND
Tetrahydrocannabinol (THC),NOT_FOUND
Tetramisole,3913
Thiamphenicol,27200
Thiazolidinediones,NOT_FOUND
Thiocolchicoside,9915886
Thiopental,3000715
Thiopentone,3000715
Thiosemicarbazone 3-aminopyridine-2-carboxaldehyde,NOT_FOUND
Thiosemicarbazones,NOT_FOUND
Thiriam (dithiocarbamate). Inhaled,NOT_FOUND
Thorotrast,14808
Thrombin,NOT_FOUND
Thrombolytic (fibrinolytic) agents,NOT_FOUND
Thyroid hormones (exogenous),NOT_FOUND
Thyroid stimulating hormone (rnTSH),NOT_FOUND
Tianeptine,68870
Tildrakizumab,NOT_FOUND
Tiopronine,5483
Tipepidine,5484
Tisagenlecleucel,NOT_FOUND
Tislelizumab,NOT_FOUND
Tisotumab vedotin,NOT_FOUND
Tissue plasminogen activator (r-),NOT_FOUND
Tivantinib,11494412
Tobacco smoke - Cigarette smoking,NOT_FOUND
Tobacco snuff,NOT_FOUND
"Tobramycin (nebulized, inhaled)",NOT_FOUND
Tocainide,38945
Tocolytic therapy,NOT_FOUND
Tolazamide,5503
Tolfenamic acid,610479
Tolperisone,5511
Tosufloxacin,5517
Toxic alcohols,NOT_FOUND
Tozinameran,NOT_FOUND
Transcatheter embolization,NOT_FOUND
Transhepatic arterial chemoembolization (TACE),NOT_FOUND
Transjugular intrahepatic portosystemic shunt (TIPS),NOT_FOUND
Trapentadol,NOT_FOUND
Trastuzumab deruxtecan,NOT_FOUND
Trastuzumab emtansine (Ado-trastuzumab emtansine - TDM-1),NOT_FOUND
Traumaliv (labeled as natural analgesic/antiinflammatory natural product),NOT_FOUND
Tremelimumab,NOT_FOUND
Trenbolone,25015
"Treprostinil, inhaled",NOT_FOUND
Trichloroethylene,6575
Tricyclic antidepressants - Tricyclic antidepressant poisoning,NOT_FOUND
Trifluridine-tipiracil (TAS-102),NOT_FOUND
Trimeperidine,20055107
Trimethaphan camsylate,44602409
Trimethoprim sulfamethoxazole (TMP-SMX),NOT_FOUND
Triptans,NOT_FOUND
Trofosfamide,65702
Troglitazone,5591
"Tryptophan (l-tryptophan, synthetic)",NOT_FOUND
Twin-to-twin transfusion,NOT_FOUND
Tyrosine kinase inhibitors (BCR-ABL) TKI,NOT_FOUND
Tyrosine kinase inhibitors (EGFR) TKI,NOT_FOUND
U-47700,71719125
Umbralisib,72950888
Uterine artery embolization,NOT_FOUND
Vaccination - Immunization,NOT_FOUND
Vaccines,NOT_FOUND
Valerophenone (2-pyrrolidino-),NOT_FOUND
Valproate (Valproic acid),NOT_FOUND
Vantedanib,NOT_FOUND
Vaping,NOT_FOUND
Vaseline,NOT_FOUND
Vasoactive medications in the ICU,NOT_FOUND
"Vasodilators, systemic",NOT_FOUND
Vecuronium,39765
Vegetable oil,NOT_FOUND
Vehicle,NOT_FOUND
Vena cava stenting,NOT_FOUND
Venipuncture,NOT_FOUND
Venocuran,NOT_FOUND
"Venous cannula, catheter, lead(s), implantable device",NOT_FOUND
Ventriculoperitoneal shunt,NOT_FOUND
Veralpride,NOT_FOUND
Vertebroplasty (kyphoplasty),NOT_FOUND
Vicks Vaporub TM (R),NOT_FOUND
Vinca alkaloids,NOT_FOUND
Vindesine,40839
Vitamin A,445354
Vitamin D,NOT_FOUND
Vitamin D3,5280795
Vitamin E (parenteral),NOT_FOUND
Vitamin E acetate (inhaled),NOT_FOUND
"Vitamin E acetate (vaped, inhaled)",NOT_FOUND
Vitamin K,5280483
Vocal fold injection augmentation,NOT_FOUND
Vorasidenib (AG881),117817422
Walking test (6-min-),NOT_FOUND
"Waterpipe (narghile, shisha) smoking",NOT_FOUND
Waterproofing agents/sprays - Household cleansing agents and aerosols,NOT_FOUND
Weed oil,NOT_FOUND
"Weight loss-, slimming agents",NOT_FOUND
Xenadrine,9294
Xylitol,6912
Xylocaine,3676
Yew (Taxus baccata) leaves/berries,NOT_FOUND
Yohimbine,8969
Yttrium90 radioembolization,NOT_FOUND
Zimberelimab,NOT_FOUND
Zinostatin,57125363
Zomepirac,5733
Zoster vaccination,NOT_FOUND
Zotarolimus,9876378
nab-paclitaxel,36314
rhDNase (inhaled),NOT_FOUND
